row_id,LABEL
0,1
1,1
2,0
3,0
4,0
5,0
6,1
7,1
8,1
9,0
10,0
11,0
12,1
13,0
14,1
15,0
16,0
17,0
18,0
19,1
20,0
21,1
22,1
23,0
24,1
25,1
26,1
27,0
28,1
29,1
30,1
31,1
32,1
33,1
34,1
35,0
36,0
37,1
38,0
39,0
40,0
41,1
42,1
43,0
44,1
45,0
46,0
47,0
48,0
49,0
50,1
51,1
52,0
53,0
54,1
55,0
56,1
57,0
58,0
59,0
60,1
61,1
62,1
63,1
64,0
65,0
66,0
67,1
68,1
69,1
70,1
71,0
72,0
73,0
74,0
75,1
76,1
77,1
78,1
79,0
80,1
81,1
82,0
83,0
84,1
85,0
86,1
87,0
88,0
89,0
90,0
91,1
92,0
93,0
94,1
95,1
96,0
97,1
98,1
99,1
100,1
101,0
102,1
103,1
104,1
105,1
106,1
107,0
108,0
109,0
110,0
111,1
112,1
113,0
114,1
115,0
116,1
117,0
118,1
119,0
120,1
121,0
122,1
123,1
124,1
125,0
126,1
127,0
128,0
129,1
130,1
131,1
132,0
133,1
134,0
135,0
136,1
137,1
138,1
139,0
140,1
141,1
142,1
143,0
144,1
145,0
146,1
147,1
148,0
149,0
150,1
151,1
152,1
153,0
154,1
155,1
156,1
157,0
158,1
159,0
160,0
161,0
162,0
163,1
164,0
165,1
166,1
167,0
168,1
169,1
170,0
171,0
172,1
173,1
174,1
175,1
176,1
177,0
178,0
179,1
180,0
181,1
182,0
183,0
184,1
185,0
186,1
187,1
188,0
189,1
190,1
191,0
192,0
193,1
194,0
195,1
196,1
197,0
198,1
199,1
200,1
201,1
202,1
203,0
204,1
205,0
206,1
207,1
208,1
209,1
210,1
211,0
212,1
213,0
214,0
215,1
216,1
217,0
218,0
219,0
220,1
221,1
222,0
223,0
224,0
225,1
226,1
227,0
228,0
229,0
230,1
231,1
232,1
233,1
234,0
235,0
236,1
237,0
238,1
239,0
240,1
241,0
242,0
243,1
244,0
245,0
246,1
247,0
248,0
249,1
250,0
251,0
252,1
253,0
254,1
255,1
256,1
257,0
258,0
259,0
260,1
261,1
262,1
263,1
264,1
265,0
266,1
267,0
268,0
269,0
270,1
271,0
272,1
273,1
274,1
275,0
276,0
277,1
278,1
279,1
280,1
281,1
282,1
283,1
284,1
285,0
286,1
287,0
288,0
289,1
290,1
291,1
292,1
293,1
294,1
295,1
296,0
297,1
298,1
299,1
300,0
301,1
302,0
303,1
304,0
305,1
306,1
307,0
308,0
309,0
310,1
311,0
312,1
313,1
314,1
315,1
316,1
317,1
318,0
319,1
320,1
321,1
322,1
323,0
324,0
325,0
326,1
327,1
328,0
329,0
330,1
331,0
332,1
333,0
334,1
335,1
336,1
337,0
338,0
339,1
340,0
341,1
342,1
343,0
344,1
345,0
346,0
347,0
348,0
349,1
350,1
351,1
352,1
353,1
354,1
355,0
356,0
357,1
358,1
359,0
360,1
361,1
362,1
363,0
364,1
365,1
366,1
367,0
368,0
369,0
370,0
371,0
372,1
373,1
374,0
375,0
376,0
377,1
378,1
379,0
380,1
381,0
382,1
383,0
384,1
385,1
386,1
387,1
388,1
389,0
390,1
391,1
392,1
393,0
394,1
395,0
396,0
397,0
398,1
399,1
400,0
401,1
402,1
403,1
404,1
405,0
406,1
407,0
408,0
409,0
410,1
411,0
412,1
413,1
414,1
415,1
416,1
417,1
418,0
419,1
420,1
421,1
422,0
423,0
424,0
425,0
426,0
427,1
428,0
429,0
430,0
431,1
432,1
433,0
434,0
435,0
436,0
437,0
438,0
439,0
440,1
441,0
442,0
443,0
444,1
445,1
446,1
447,0
448,0
449,0
450,1
451,0
452,1
453,1
454,1
455,0
456,1
457,1
458,0
459,1
460,1
461,0
462,0
463,1
464,0
465,0
466,1
467,0
468,0
469,1
470,1
471,1
472,0
473,0
474,1
475,0
476,1
477,0
478,0
479,0
480,1
481,0
482,0
483,1
484,0
485,0
486,0
487,0
488,1
489,1
490,0
491,0
492,1
493,1
494,0
495,0
496,0
497,1
498,1
499,1
500,0
501,1
502,1
503,0
504,0
505,1
506,0
507,1
508,1
509,1
510,1
511,0
512,1
513,0
514,0
515,1
516,1
517,1
518,0
519,0
520,0
521,0
522,0
523,0
524,1
525,1
526,1
527,1
528,1
529,0
530,1
531,0
532,1
533,1
534,1
535,1
536,1
537,1
538,0
539,0
540,1
541,0
542,0
543,0
544,0
545,0
546,1
547,0
548,1
549,1
550,0
551,1
552,1
553,1
554,0
555,1
556,1
557,0
558,0
559,1
560,1
561,1
562,0
563,0
564,0
565,0
566,1
567,0
568,0
569,1
570,1
571,1
572,1
573,1
574,1
575,0
576,1
577,1
578,0
579,0
580,1
581,1
582,1
583,0
584,0
585,1
586,0
587,0
588,1
589,1
590,0
591,0
592,0
593,1
594,0
595,1
596,1
597,0
598,1
599,1
600,1
601,0
602,1
603,0
604,0
605,1
606,0
607,1
608,0
609,1
610,0
611,0
612,1
613,0
614,1
615,0
616,1
617,1
618,1
619,0
620,0
621,0
622,0
623,0
624,0
625,1
626,0
627,0
628,0
629,0
630,1
631,1
632,1
633,1
634,1
635,0
636,0
637,1
638,0
639,1
640,0
641,0
642,0
643,1
644,1
645,1
646,1
647,1
648,0
649,0
650,1
651,0
652,1
653,0
654,1
655,1
656,1
657,0
658,1
659,0
660,0
661,0
662,1
663,1
664,0
665,1
666,1
667,1
668,0
669,0
670,0
671,0
672,0
673,1
674,1
675,0
676,0
677,0
678,1
679,0
680,0
681,1
682,0
683,1
684,0
685,1
686,1
687,0
688,1
689,1
690,1
691,0
692,0
693,0
694,1
695,0
696,0
697,1
698,0
699,1
700,1
701,0
702,0
703,0
704,0
705,0
706,0
707,1
708,1
709,0
710,0
711,1
712,0
713,1
714,1
715,1
716,0
717,0
718,0
719,1
720,1
721,1
722,0
723,0
724,0
725,1
726,0
727,1
728,1
729,1
730,0
731,0
732,0
733,1
734,0
735,0
736,1
737,1
738,1
739,0
740,1
741,0
742,0
743,1
744,1
745,1
746,1
747,0
748,0
749,0
750,1
751,0
752,1
753,1
754,0
755,1
756,0
757,1
758,1
759,1
760,1
761,0
762,0
763,1
764,1
765,1
766,0
767,1
768,1
769,1
770,1
771,1
772,1
773,1
774,0
775,1
776,0
777,1
778,0
779,1
780,0
781,0
782,0
783,0
784,1
785,0
786,0
787,0
788,1
789,1
790,0
791,0
792,1
793,1
794,0
795,1
796,0
797,1
798,1
799,1
800,0
801,0
802,1
803,1
804,1
805,1
806,1
807,0
808,1
809,0
810,0
811,1
812,1
813,1
814,0
815,1
816,1
817,1
818,1
819,1
820,0
821,1
822,0
823,1
824,0
825,1
826,1
827,1
828,0
829,0
830,1
831,1
832,1
833,0
834,1
835,1
836,1
837,1
838,1
839,0
840,0
841,0
842,1
843,1
844,0
845,0
846,1
847,0
848,1
849,0
850,0
851,0
852,0
853,1
854,0
855,1
856,0
857,1
858,0
859,1
860,0
861,1
862,0
863,0
864,0
865,0
866,0
867,1
868,1
869,1
870,0
871,0
872,1
873,0
874,1
875,0
876,0
877,0
878,0
879,0
880,1
881,1
882,0
883,0
884,0
885,1
886,0
887,0
888,1
889,0
890,0
891,1
892,0
893,1
894,0
895,1
896,1
897,1
898,1
899,1
900,0
901,1
902,1
903,0
904,1
905,1
906,0
907,0
908,1
909,0
910,1
911,0
912,1
913,0
914,0
915,1
916,0
917,1
918,0
919,0
920,1
921,0
922,0
923,1
924,1
925,0
926,0
927,1
928,0
929,0
930,1
931,0
932,0
933,1
934,1
935,0
936,1
937,0
938,0
939,1
940,1
941,0
942,1
943,1
944,0
945,0
946,1
947,0
948,1
949,0
950,1
951,0
952,0
953,1
954,0
955,0
956,1
957,0
958,1
959,1
960,1
961,0
962,0
963,0
964,1
965,0
966,1
967,1
968,1
969,0
970,0
971,0
972,1
973,1
974,1
975,0
976,1
977,1
978,0
979,0
980,1
981,1
982,1
983,1
984,0
985,1
986,0
987,0
988,1
989,0
990,1
991,0
992,1
993,0
994,0
995,1
996,1
997,0
998,0
999,1
1000,1
1001,1
1002,0
1003,0
1004,0
1005,1
1006,0
1007,1
1008,1
1009,0
1010,1
1011,1
1012,0
1013,0
1014,0
1015,0
1016,0
1017,0
1018,0
1019,0
1020,1
1021,1
1022,1
1023,1
1024,1
1025,0
1026,1
1027,0
1028,0
1029,0
1030,1
1031,1
1032,1
1033,1
1034,1
1035,0
1036,1
1037,1
1038,1
1039,1
1040,1
1041,0
1042,0
1043,0
1044,1
1045,1
1046,1
1047,1
1048,0
1049,0
1050,1
1051,0
1052,0
1053,1
1054,1
1055,0
1056,1
1057,0
1058,1
1059,0
1060,1
1061,0
1062,1
1063,0
1064,1
1065,0
1066,1
1067,0
1068,1
1069,1
1070,0
1071,0
1072,1
1073,1
1074,0
1075,1
1076,1
1077,1
1078,0
1079,0
1080,0
1081,1
1082,0
1083,1
1084,0
1085,1
1086,1
1087,0
1088,1
1089,0
1090,1
1091,1
1092,0
1093,1
1094,1
1095,1
1096,0
1097,0
1098,1
1099,0
1100,1
1101,1
1102,1
1103,1
1104,1
1105,0
1106,0
1107,0
1108,1
1109,1
1110,1
1111,0
1112,1
1113,0
1114,1
1115,1
1116,1
1117,1
1118,0
1119,0
1120,1
1121,0
1122,1
1123,1
1124,1
1125,0
1126,0
1127,0
1128,0
1129,1
1130,1
1131,1
1132,1
1133,0
1134,1
1135,0
1136,0
1137,1
1138,1
1139,1
1140,1
1141,0
1142,0
1143,1
1144,0
1145,0
1146,0
1147,0
1148,1
1149,1
1150,1
1151,0
1152,1
1153,0
1154,0
1155,0
1156,0
1157,0
1158,0
1159,1
1160,0
1161,0
1162,1
1163,0
1164,0
1165,0
1166,1
1167,1
1168,0
1169,0
1170,0
1171,0
1172,0
1173,0
1174,1
1175,0
1176,0
1177,0
1178,1
1179,1
1180,0
1181,1
1182,0
1183,1
1184,1
1185,1
1186,1
1187,1
1188,0
1189,0
1190,0
1191,1
1192,0
1193,0
1194,0
1195,0
1196,0
1197,0
1198,1
1199,0
1200,0
1201,1
1202,0
1203,1
1204,0
1205,0
1206,0
1207,0
1208,1
1209,1
1210,1
1211,0
1212,1
1213,1
1214,1
1215,0
1216,0
1217,0
1218,0
1219,0
1220,1
1221,0
1222,0
1223,1
1224,0
1225,1
1226,0
1227,1
1228,1
1229,1
1230,0
1231,1
1232,1
1233,1
1234,1
1235,1
1236,1
1237,0
1238,0
1239,0
1240,1
1241,1
1242,1
1243,1
1244,0
1245,1
1246,1
1247,0
1248,0
1249,0
1250,1
1251,1
1252,0
1253,1
1254,0
1255,0
1256,0
1257,1
1258,1
1259,0
1260,0
1261,0
1262,0
1263,1
1264,1
1265,0
1266,0
1267,1
1268,0
1269,1
1270,1
1271,0
1272,0
1273,0
1274,1
1275,0
1276,1
1277,1
1278,1
1279,1
1280,1
1281,0
1282,1
1283,1
1284,1
1285,1
1286,1
1287,0
1288,0
1289,1
1290,1
1291,1
1292,0
1293,1
1294,0
1295,1
1296,0
1297,1
1298,0
1299,0
1300,1
1301,0
1302,1
1303,0
1304,1
1305,0
1306,0
1307,0
1308,1
1309,0
1310,0
1311,1
1312,1
1313,0
1314,0
1315,1
1316,0
1317,0
1318,1
1319,0
1320,0
1321,0
1322,0
1323,1
1324,1
1325,1
1326,1
1327,1
1328,1
1329,0
1330,1
1331,1
1332,0
1333,0
1334,0
1335,1
1336,0
1337,1
1338,1
1339,1
1340,1
1341,0
1342,1
1343,0
1344,1
1345,0
1346,1
1347,1
1348,0
1349,1
1350,0
1351,1
1352,0
1353,1
1354,1
1355,1
1356,1
1357,1
1358,1
1359,1
1360,1
1361,1
1362,0
1363,1
1364,1
1365,0
1366,0
1367,1
1368,0
1369,1
1370,0
1371,1
1372,0
1373,1
1374,0
1375,1
1376,1
1377,0
1378,1
1379,0
1380,1
1381,1
1382,1
1383,0
1384,1
1385,0
1386,1
1387,1
1388,0
1389,0
1390,0
1391,1
1392,1
1393,0
1394,0
1395,1
1396,1
1397,1
1398,0
1399,1
1400,0
1401,1
1402,0
1403,0
1404,0
1405,0
1406,0
1407,0
1408,1
1409,0
1410,1
1411,1
1412,1
1413,1
1414,1
1415,1
1416,1
1417,1
1418,0
1419,1
1420,0
1421,0
1422,1
1423,1
1424,0
1425,1
1426,0
1427,1
1428,0
1429,0
1430,1
1431,1
1432,1
1433,0
1434,0
1435,0
1436,0
1437,1
1438,1
1439,0
1440,1
1441,1
1442,0
1443,1
1444,0
1445,1
1446,1
1447,1
1448,1
1449,0
1450,1
1451,0
1452,1
1453,0
1454,1
1455,1
1456,1
1457,1
1458,0
1459,0
1460,1
1461,0
1462,1
1463,1
1464,0
1465,1
1466,0
1467,1
1468,0
1469,1
1470,1
1471,0
1472,1
1473,0
1474,0
1475,0
1476,0
1477,1
1478,1
1479,1
1480,1
1481,1
1482,0
1483,0
1484,0
1485,1
1486,0
1487,0
1488,0
1489,0
1490,1
1491,1
1492,1
1493,1
1494,0
1495,0
1496,1
1497,0
1498,1
1499,0
1500,0
1501,1
1502,1
1503,1
1504,1
1505,1
1506,0
1507,1
1508,0
1509,0
1510,1
1511,0
1512,1
1513,0
1514,1
1515,1
1516,1
1517,1
1518,1
1519,0
1520,1
1521,0
1522,1
1523,1
1524,0
1525,0
1526,0
1527,1
1528,0
1529,1
1530,0
1531,1
1532,0
1533,0
1534,1
1535,0
1536,0
1537,0
1538,1
1539,1
1540,0
1541,0
1542,1
1543,1
1544,0
1545,0
1546,1
1547,0
1548,0
1549,0
1550,0
1551,0
1552,1
1553,0
1554,0
1555,0
1556,0
1557,1
1558,1
1559,1
1560,1
1561,0
1562,0
1563,0
1564,0
1565,0
1566,0
1567,0
1568,1
1569,0
1570,0
1571,1
1572,1
1573,0
1574,1
1575,0
1576,0
1577,0
1578,1
1579,0
1580,1
1581,0
1582,1
1583,0
1584,0
1585,0
1586,1
1587,1
1588,0
1589,0
1590,1
1591,1
1592,0
1593,1
1594,1
1595,0
1596,0
1597,1
1598,0
1599,0
1600,0
1601,1
1602,1
1603,0
1604,0
1605,1
1606,1
1607,0
1608,0
1609,1
1610,0
1611,0
1612,0
1613,1
1614,0
1615,1
1616,1
1617,1
1618,0
1619,0
1620,1
1621,0
1622,0
1623,1
1624,0
1625,0
1626,1
1627,1
1628,1
1629,1
1630,0
1631,1
1632,1
1633,1
1634,0
1635,1
1636,0
1637,0
1638,1
1639,1
1640,1
1641,0
1642,0
1643,1
1644,1
1645,1
1646,1
1647,0
1648,0
1649,0
1650,0
1651,0
1652,0
1653,0
1654,0
1655,1
1656,1
1657,0
1658,1
1659,0
1660,1
1661,1
1662,0
1663,1
1664,1
1665,0
1666,1
1667,0
1668,1
1669,1
1670,1
1671,0
1672,1
1673,0
1674,1
1675,0
1676,0
1677,0
1678,1
1679,0
1680,1
1681,0
1682,0
1683,0
1684,1
1685,0
1686,1
1687,0
1688,0
1689,1
1690,1
1691,1
1692,0
1693,0
1694,1
1695,1
1696,0
1697,1
1698,1
1699,1
1700,1
1701,1
1702,1
1703,1
1704,0
1705,1
1706,1
1707,0
1708,1
1709,0
1710,0
1711,1
1712,1
1713,0
1714,1
1715,1
1716,0
1717,1
1718,1
1719,0
1720,0
1721,0
1722,1
1723,0
1724,1
1725,1
1726,1
1727,0
1728,1
1729,1
1730,1
1731,0
1732,0
1733,1
1734,0
1735,0
1736,0
1737,1
1738,1
1739,1
1740,1
1741,1
1742,0
1743,0
1744,0
1745,0
1746,0
1747,0
1748,1
1749,1
1750,0
1751,1
1752,1
1753,0
1754,0
1755,1
1756,0
1757,1
1758,1
1759,0
1760,0
1761,0
1762,1
1763,1
1764,0
1765,1
1766,0
1767,0
1768,1
1769,0
1770,1
1771,0
1772,0
1773,0
1774,1
1775,1
1776,0
1777,1
1778,0
1779,0
1780,0
1781,1
1782,0
1783,1
1784,1
1785,0
1786,1
1787,1
1788,0
1789,1
1790,0
1791,1
1792,1
1793,1
1794,0
1795,0
1796,0
1797,1
1798,1
1799,1
1800,0
1801,0
1802,0
1803,0
1804,1
1805,1
1806,1
1807,1
1808,1
1809,0
1810,1
1811,0
1812,1
1813,1
1814,1
1815,0
1816,0
1817,0
1818,0
1819,1
1820,0
1821,0
1822,1
1823,1
1824,1
1825,0
1826,1
1827,1
1828,0
1829,0
1830,1
1831,1
1832,1
1833,0
1834,1
1835,1
1836,0
1837,0
1838,0
1839,1
1840,1
1841,0
1842,1
1843,1
1844,1
1845,1
1846,0
1847,0
1848,0
1849,0
1850,1
1851,0
1852,0
1853,0
1854,1
1855,1
1856,1
1857,0
1858,1
1859,0
1860,1
1861,1
1862,0
1863,1
1864,0
1865,0
1866,1
1867,1
1868,0
1869,1
1870,1
1871,0
1872,1
1873,0
1874,0
1875,0
1876,1
1877,1
1878,1
1879,1
1880,1
1881,0
1882,1
1883,1
1884,0
1885,0
1886,1
1887,0
1888,0
1889,0
1890,1
1891,0
1892,1
1893,1
1894,0
1895,0
1896,0
1897,0
1898,1
1899,1
1900,1
1901,1
1902,1
1903,1
1904,1
1905,1
1906,0
1907,1
1908,1
1909,1
1910,0
1911,0
1912,0
1913,0
1914,1
1915,1
1916,0
1917,0
1918,1
1919,0
1920,0
1921,0
1922,0
1923,0
1924,0
1925,1
1926,0
1927,0
1928,1
1929,1
1930,0
1931,1
1932,0
1933,1
1934,0
1935,0
1936,1
1937,1
1938,1
1939,0
1940,1
1941,1
1942,1
1943,1
1944,0
1945,0
1946,1
1947,0
1948,0
1949,0
1950,1
1951,1
1952,1
1953,1
1954,1
1955,1
1956,0
1957,1
1958,0
1959,0
1960,1
1961,0
1962,1
1963,1
1964,0
1965,1
1966,0
1967,0
1968,1
1969,1
1970,1
1971,0
1972,1
1973,1
1974,1
1975,0
1976,1
1977,0
1978,0
1979,1
1980,0
1981,1
1982,0
1983,1
1984,0
1985,1
1986,1
1987,0
1988,1
1989,1
1990,0
1991,1
1992,1
1993,0
1994,0
1995,0
1996,1
1997,0
1998,0
1999,1
2000,1
2001,1
2002,1
2003,0
2004,0
2005,0
2006,1
2007,0
2008,1
2009,0
2010,0
2011,0
2012,0
2013,0
2014,0
2015,1
2016,0
2017,1
2018,1
2019,1
2020,0
2021,1
2022,1
2023,1
2024,0
2025,1
2026,1
2027,1
2028,0
2029,1
2030,0
2031,1
2032,1
2033,1
2034,1
2035,0
2036,1
2037,0
2038,1
2039,0
2040,1
2041,0
2042,1
2043,1
2044,1
2045,0
2046,1
2047,1
2048,1
2049,1
2050,0
2051,1
2052,0
2053,1
2054,1
2055,1
2056,0
2057,0
2058,1
2059,0
2060,1
2061,1
2062,1
2063,0
2064,0
2065,0
2066,0
2067,0
2068,0
2069,0
2070,1
2071,1
2072,1
2073,1
2074,0
2075,0
2076,1
2077,0
2078,0
2079,0
2080,0
2081,0
2082,1
2083,1
2084,1
2085,1
2086,1
2087,0
2088,1
2089,0
2090,1
2091,0
2092,1
2093,1
2094,1
2095,1
2096,0
2097,1
2098,1
2099,1
2100,1
2101,1
2102,0
2103,1
2104,0
2105,1
2106,0
2107,0
2108,1
2109,0
2110,0
2111,1
2112,0
2113,0
2114,0
2115,0
2116,0
2117,1
2118,0
2119,1
2120,1
2121,1
2122,0
2123,0
2124,0
2125,1
2126,1
2127,0
2128,1
2129,1
2130,1
2131,0
2132,1
2133,1
2134,1
2135,1
2136,0
2137,1
2138,1
2139,1
2140,0
2141,0
2142,0
2143,1
2144,1
2145,1
2146,1
2147,0
2148,1
2149,0
2150,1
2151,1
2152,0
2153,0
2154,0
2155,1
2156,0
2157,1
2158,0
2159,0
2160,1
2161,0
2162,0
2163,1
2164,1
2165,0
2166,0
2167,0
2168,1
2169,1
2170,1
2171,0
2172,1
2173,0
2174,1
2175,1
2176,1
2177,1
2178,0
2179,1
2180,1
2181,1
2182,1
2183,1
2184,1
2185,1
2186,1
2187,1
2188,1
2189,1
2190,0
2191,1
2192,0
2193,0
2194,1
2195,0
2196,1
2197,1
2198,1
2199,0
2200,0
2201,0
2202,0
2203,1
2204,1
2205,1
2206,1
2207,0
2208,1
2209,1
2210,1
2211,0
2212,0
2213,1
2214,0
2215,1
2216,1
2217,0
2218,1
2219,1
2220,1
2221,1
2222,0
2223,1
2224,1
2225,0
2226,1
2227,1
2228,0
2229,0
2230,0
2231,0
2232,1
2233,1
2234,0
2235,0
2236,0
2237,0
2238,1
2239,0
2240,0
2241,0
2242,1
2243,0
2244,1
2245,1
2246,0
2247,1
2248,0
2249,1
2250,1
2251,1
2252,1
2253,1
2254,0
2255,0
2256,0
2257,0
2258,0
2259,1
2260,1
2261,1
2262,1
2263,0
2264,1
2265,0
2266,0
2267,1
2268,1
2269,0
2270,1
2271,1
2272,1
2273,0
2274,1
2275,1
2276,1
2277,0
2278,1
2279,1
2280,1
2281,1
2282,1
2283,1
2284,0
2285,1
2286,0
2287,0
2288,1
2289,0
2290,1
2291,0
2292,0
2293,1
2294,0
2295,0
2296,1
2297,1
2298,1
2299,1
2300,1
2301,0
2302,0
2303,1
2304,1
2305,1
2306,0
2307,0
2308,1
2309,1
2310,0
2311,0
2312,0
2313,1
2314,0
2315,0
2316,1
2317,0
2318,0
2319,1
2320,1
2321,1
2322,0
2323,1
2324,0
2325,0
2326,1
2327,0
2328,0
2329,1
2330,0
2331,0
2332,0
2333,1
2334,1
2335,0
2336,1
2337,0
2338,0
2339,1
2340,0
2341,0
2342,1
2343,0
2344,1
2345,1
2346,1
2347,1
2348,1
2349,1
2350,1
2351,1
2352,0
2353,1
2354,0
2355,0
2356,1
2357,1
2358,0
2359,1
2360,1
2361,0
2362,1
2363,1
2364,0
2365,1
2366,1
2367,0
2368,1
2369,1
2370,0
2371,0
2372,0
2373,1
2374,1
2375,1
2376,0
2377,0
2378,0
2379,0
2380,1
2381,0
2382,1
2383,0
2384,1
2385,1
2386,1
2387,1
2388,1
2389,0
2390,1
2391,1
2392,1
2393,1
2394,0
2395,0
2396,0
2397,1
2398,1
2399,0
2400,0
2401,0
2402,0
2403,0
2404,0
2405,1
2406,0
2407,1
2408,1
2409,1
2410,1
2411,1
2412,0
2413,0
2414,0
2415,1
2416,1
2417,1
2418,1
2419,1
2420,0
2421,0
2422,0
2423,0
2424,1
2425,1
2426,0
2427,1
2428,1
2429,1
2430,1
2431,1
2432,0
2433,1
2434,1
2435,1
2436,1
2437,1
2438,0
2439,1
2440,0
2441,0
2442,1
2443,1
2444,0
2445,1
2446,1
2447,1
2448,1
2449,1
2450,0
2451,1
2452,1
2453,0
2454,1
2455,1
2456,1
2457,1
2458,1
2459,1
2460,0
2461,1
2462,0
2463,1
2464,0
2465,1
2466,1
2467,0
2468,1
2469,0
2470,1
2471,1
2472,1
2473,1
2474,1
2475,1
2476,1
2477,1
2478,1
2479,0
2480,1
2481,1
2482,1
2483,0
2484,1
2485,1
2486,0
2487,1
2488,1
2489,1
2490,1
2491,1
2492,1
2493,0
2494,0
2495,0
2496,1
2497,1
2498,0
2499,1
2500,1
2501,0
2502,1
2503,0
2504,0
2505,0
2506,1
2507,1
2508,1
2509,1
2510,0
2511,0
2512,1
2513,0
2514,0
2515,1
2516,1
2517,1
2518,1
2519,0
2520,1
2521,1
2522,0
2523,0
2524,1
2525,1
2526,0
2527,1
2528,0
2529,0
2530,0
2531,0
2532,0
2533,1
2534,1
2535,0
2536,1
2537,1
2538,1
2539,0
2540,1
2541,1
2542,0
2543,0
2544,1
2545,0
2546,1
2547,0
2548,0
2549,0
2550,1
2551,1
2552,1
2553,0
2554,1
2555,0
2556,1
2557,0
2558,1
2559,1
2560,0
2561,1
2562,0
2563,0
2564,0
2565,0
2566,1
2567,0
2568,0
2569,1
2570,0
2571,1
2572,0
2573,0
2574,1
2575,1
2576,1
2577,0
2578,0
2579,1
2580,1
2581,1
2582,0
2583,1
2584,1
2585,1
2586,1
2587,1
2588,1
2589,0
2590,0
2591,1
2592,0
2593,1
2594,1
2595,1
2596,1
2597,1
2598,0
2599,0
2600,1
2601,0
2602,0
2603,1
2604,1
2605,0
2606,0
2607,1
2608,1
2609,1
2610,1
2611,1
2612,0
2613,1
2614,1
2615,1
2616,1
2617,1
2618,1
2619,0
2620,0
2621,0
2622,1
2623,1
2624,1
2625,1
2626,1
2627,1
2628,0
2629,1
2630,0
2631,0
2632,1
2633,0
2634,1
2635,1
2636,1
2637,0
2638,1
2639,1
2640,0
2641,1
2642,1
2643,0
2644,1
2645,0
2646,1
2647,1
2648,0
2649,0
2650,0
2651,0
2652,0
2653,0
2654,1
2655,1
2656,1
2657,1
2658,1
2659,1
2660,1
2661,1
2662,1
2663,0
2664,1
2665,1
2666,0
2667,0
2668,1
2669,0
2670,0
2671,0
2672,1
2673,1
2674,0
2675,0
2676,1
2677,1
2678,1
2679,0
2680,0
2681,1
2682,1
2683,1
2684,0
2685,0
2686,0
2687,0
2688,1
2689,1
2690,1
2691,1
2692,1
2693,1
2694,1
2695,0
2696,1
2697,1
2698,0
2699,0
2700,1
2701,1
2702,1
2703,1
2704,1
2705,1
2706,1
2707,0
2708,1
2709,0
2710,1
2711,0
2712,0
2713,1
2714,0
2715,0
2716,0
2717,1
2718,1
2719,0
2720,1
2721,1
2722,1
2723,0
2724,0
2725,0
2726,1
2727,1
2728,1
2729,0
2730,0
2731,1
2732,0
2733,0
2734,0
2735,0
2736,1
2737,1
2738,0
2739,1
2740,0
2741,1
2742,1
2743,1
2744,1
2745,0
2746,0
2747,1
2748,0
2749,1
2750,1
2751,0
2752,1
2753,1
2754,1
2755,1
2756,0
2757,0
2758,1
2759,0
2760,0
2761,1
2762,0
2763,0
2764,1
2765,1
2766,0
2767,0
2768,0
2769,0
2770,1
2771,1
2772,0
2773,1
2774,0
2775,1
2776,0
2777,1
2778,0
2779,1
2780,1
2781,1
2782,0
2783,0
2784,1
2785,0
2786,0
2787,1
2788,0
2789,0
2790,1
2791,0
2792,1
2793,1
2794,1
2795,0
2796,1
2797,0
2798,0
2799,1
2800,0
2801,0
2802,1
2803,0
2804,0
2805,0
2806,0
2807,0
2808,0
2809,0
2810,0
2811,0
2812,1
2813,0
2814,1
2815,1
2816,1
2817,1
2818,1
2819,1
2820,1
2821,0
2822,0
2823,1
2824,1
2825,0
2826,1
2827,0
2828,0
2829,0
2830,1
2831,0
2832,0
2833,1
2834,1
2835,1
2836,0
2837,0
2838,0
2839,0
2840,1
2841,1
2842,0
2843,0
2844,0
2845,0
2846,0
2847,1
2848,0
2849,0
2850,0
2851,1
2852,1
2853,0
2854,1
2855,0
2856,1
2857,1
2858,0
2859,1
2860,0
2861,0
2862,1
2863,1
2864,1
2865,1
2866,1
2867,0
2868,1
2869,1
2870,0
2871,0
2872,1
2873,1
2874,0
2875,0
2876,1
2877,0
2878,1
2879,0
2880,1
2881,0
2882,1
2883,1
2884,0
2885,1
2886,1
2887,0
2888,0
2889,1
2890,1
2891,0
2892,1
2893,1
2894,0
2895,0
2896,0
2897,0
2898,0
2899,0
2900,0
2901,0
2902,1
2903,0
2904,0
2905,0
2906,1
2907,0
2908,1
2909,1
2910,1
2911,1
2912,0
2913,1
2914,0
2915,0
2916,1
2917,1
2918,1
2919,0
2920,0
2921,1
2922,1
2923,1
2924,0
2925,0
2926,0
2927,0
2928,0
2929,1
2930,0
2931,1
2932,0
2933,0
2934,0
2935,0
2936,1
2937,1
2938,0
2939,0
2940,0
2941,1
2942,0
2943,0
2944,1
2945,1
2946,1
2947,0
2948,0
2949,1
2950,0
2951,0
2952,1
2953,0
2954,0
2955,0
2956,0
2957,1
2958,1
2959,1
2960,1
2961,0
2962,0
2963,1
2964,0
2965,1
2966,1
2967,0
2968,1
2969,1
2970,0
2971,1
2972,1
2973,1
2974,1
2975,1
2976,0
2977,0
2978,1
2979,1
2980,0
2981,0
2982,1
2983,1
2984,0
2985,1
2986,1
2987,1
2988,1
2989,1
2990,1
2991,1
2992,1
2993,1
2994,0
2995,1
2996,0
2997,1
2998,1
2999,0
3000,0
3001,1
3002,0
3003,0
3004,0
3005,1
3006,1
3007,1
3008,0
3009,0
3010,1
3011,0
3012,0
3013,1
3014,1
3015,0
3016,1
3017,0
3018,0
3019,0
3020,0
3021,1
3022,0
3023,0
3024,1
3025,1
3026,0
3027,1
3028,1
3029,1
3030,0
3031,1
3032,0
3033,0
3034,0
3035,1
3036,0
3037,1
3038,1
3039,1
3040,0
3041,1
3042,1
3043,0
3044,1
3045,0
3046,0
3047,0
3048,0
3049,0
3050,0
3051,1
3052,1
3053,0
3054,1
3055,0
3056,0
3057,0
3058,1
3059,0
3060,1
3061,1
3062,0
3063,0
3064,0
3065,1
3066,0
3067,0
3068,1
3069,0
3070,0
3071,0
3072,0
3073,1
3074,1
3075,1
3076,0
3077,0
3078,0
3079,1
3080,0
3081,1
3082,1
3083,0
3084,0
3085,0
3086,1
3087,1
3088,1
3089,1
3090,0
3091,0
3092,0
3093,1
3094,0
3095,0
3096,1
3097,0
3098,1
3099,1
3100,1
3101,1
3102,0
3103,1
3104,1
3105,1
3106,1
3107,1
3108,0
3109,1
3110,1
3111,0
3112,1
3113,1
3114,1
3115,1
3116,1
3117,0
3118,1
3119,0
3120,1
3121,1
3122,1
3123,1
3124,0
3125,0
3126,1
3127,0
3128,0
3129,0
3130,0
3131,1
3132,1
3133,1
3134,0
3135,1
3136,0
3137,1
3138,1
3139,1
3140,0
3141,1
3142,1
3143,1
3144,0
3145,0
3146,1
3147,1
3148,1
3149,1
3150,1
3151,1
3152,1
3153,0
3154,0
3155,1
3156,0
3157,1
3158,1
3159,0
3160,0
3161,0
3162,1
3163,0
3164,0
3165,1
3166,0
3167,0
3168,0
3169,1
3170,1
3171,1
3172,0
3173,1
3174,1
3175,1
3176,0
3177,0
3178,1
3179,1
3180,0
3181,1
3182,1
3183,1
3184,1
3185,1
3186,0
3187,0
3188,0
3189,0
3190,0
3191,1
3192,0
3193,0
3194,1
3195,1
3196,0
3197,1
3198,1
3199,1
3200,0
3201,0
3202,1
3203,1
3204,0
3205,1
3206,0
3207,0
3208,0
3209,1
3210,1
3211,1
3212,1
3213,0
3214,0
3215,0
3216,0
3217,0
3218,0
3219,1
3220,0
3221,0
3222,1
3223,0
3224,0
3225,0
3226,0
3227,0
3228,1
3229,0
3230,0
3231,0
3232,0
3233,1
3234,1
3235,0
3236,1
3237,0
3238,1
3239,0
3240,0
3241,0
3242,0
3243,0
3244,0
3245,1
3246,1
3247,1
3248,1
3249,0
3250,1
3251,1
3252,0
3253,1
3254,0
3255,1
3256,1
3257,0
3258,1
3259,0
3260,0
3261,1
3262,0
3263,1
3264,0
3265,1
3266,1
3267,0
3268,1
3269,0
3270,0
3271,0
3272,0
3273,1
3274,0
3275,1
3276,0
3277,0
3278,0
3279,1
3280,1
3281,1
3282,1
3283,1
3284,1
3285,0
3286,1
3287,0
3288,0
3289,1
3290,0
3291,1
3292,0
3293,0
3294,1
3295,1
3296,1
3297,1
3298,0
3299,0
3300,0
3301,0
3302,1
3303,1
3304,1
3305,0
3306,1
3307,1
3308,0
3309,0
3310,0
3311,0
3312,1
3313,1
3314,1
3315,1
3316,1
3317,0
3318,0
3319,1
3320,0
3321,0
3322,0
3323,1
3324,1
3325,0
3326,0
3327,0
3328,1
3329,0
3330,1
3331,0
3332,1
3333,1
3334,1
3335,0
3336,1
3337,1
3338,0
3339,0
3340,1
3341,1
3342,0
3343,0
3344,1
3345,1
3346,0
3347,1
3348,0
3349,1
3350,0
3351,1
3352,0
3353,1
3354,1
3355,1
3356,0
3357,1
3358,0
3359,0
3360,1
3361,0
3362,1
3363,0
3364,1
3365,0
3366,1
3367,1
3368,0
3369,1
3370,1
3371,1
3372,0
3373,0
3374,1
3375,0
3376,1
3377,0
3378,1
3379,1
3380,1
3381,1
3382,1
3383,1
3384,0
3385,1
3386,1
3387,0
3388,0
3389,1
3390,0
3391,0
3392,1
3393,0
3394,1
3395,1
3396,0
3397,0
3398,1
3399,1
3400,0
3401,0
3402,0
3403,1
3404,0
3405,0
3406,1
3407,0
3408,1
3409,1
3410,0
3411,1
3412,0
3413,1
3414,1
3415,1
3416,1
3417,0
3418,1
3419,1
3420,1
3421,1
3422,1
3423,1
3424,0
3425,1
3426,0
3427,0
3428,1
3429,1
3430,0
3431,1
3432,0
3433,0
3434,1
3435,1
3436,0
3437,0
3438,1
3439,0
3440,1
3441,0
3442,1
3443,1
3444,1
3445,0
3446,0
3447,0
3448,1
3449,1
3450,1
3451,1
3452,1
3453,0
3454,1
3455,1
3456,0
3457,1
3458,1
3459,0
3460,0
3461,1
3462,0
3463,1
3464,0
3465,0
3466,0
3467,1
3468,0
3469,0
3470,1
3471,1
3472,1
3473,1
3474,0
3475,1
3476,1
3477,0
3478,1
3479,1
3480,1
3481,0
3482,1
3483,0
3484,1
3485,0
3486,1
3487,0
3488,1
3489,1
3490,0
3491,1
3492,0
3493,1
3494,1
3495,1
3496,1
3497,0
3498,0
3499,1
3500,0
3501,0
3502,0
3503,1
3504,0
3505,0
3506,1
3507,1
3508,1
3509,1
3510,0
3511,0
3512,1
3513,1
3514,1
3515,0
3516,1
3517,1
3518,0
3519,0
3520,1
3521,0
3522,1
3523,0
3524,0
3525,1
3526,0
3527,1
3528,0
3529,1
3530,1
3531,1
3532,0
3533,0
3534,1
3535,1
3536,1
3537,0
3538,1
3539,1
3540,1
3541,1
3542,1
3543,0
3544,0
3545,0
3546,1
3547,1
3548,0
3549,1
3550,0
3551,1
3552,0
3553,0
3554,0
3555,1
3556,0
3557,0
3558,0
3559,1
3560,0
3561,0
3562,0
3563,1
3564,1
3565,1
3566,1
3567,1
3568,1
3569,0
3570,1
3571,0
3572,1
3573,0
3574,1
3575,1
3576,0
3577,1
3578,1
3579,0
3580,0
3581,1
3582,0
3583,0
3584,1
3585,0
3586,0
3587,1
3588,0
3589,0
3590,0
3591,1
3592,1
3593,0
3594,1
3595,1
3596,1
3597,0
3598,0
3599,0
3600,0
3601,1
3602,0
3603,0
3604,1
3605,1
3606,1
3607,0
3608,1
3609,0
3610,1
3611,1
3612,0
3613,1
3614,0
3615,0
3616,0
3617,0
3618,0
3619,1
3620,1
3621,0
3622,1
3623,1
3624,1
3625,0
3626,0
3627,1
3628,1
3629,1
3630,0
3631,1
3632,1
3633,1
3634,0
3635,0
3636,1
3637,0
3638,1
3639,1
3640,1
3641,1
3642,1
3643,1
3644,0
3645,1
3646,0
3647,0
3648,1
3649,1
3650,0
3651,1
3652,1
3653,0
3654,0
3655,0
3656,1
3657,0
3658,1
3659,0
3660,0
3661,1
3662,0
3663,0
3664,1
3665,0
3666,1
3667,1
3668,1
3669,1
3670,1
3671,0
3672,1
3673,1
3674,0
3675,1
3676,0
3677,0
3678,0
3679,1
3680,0
3681,0
3682,1
3683,1
3684,0
3685,0
3686,0
3687,1
3688,1
3689,1
3690,0
3691,1
3692,1
3693,1
3694,1
3695,0
3696,1
3697,1
3698,1
3699,1
3700,1
3701,1
3702,0
3703,1
3704,0
3705,1
3706,0
3707,0
3708,0
3709,1
3710,1
3711,0
3712,1
3713,1
3714,0
3715,1
3716,1
3717,1
3718,0
3719,0
3720,0
3721,1
3722,1
3723,1
3724,1
3725,1
3726,0
3727,0
3728,0
3729,0
3730,1
3731,1
3732,0
3733,0
3734,0
3735,0
3736,0
3737,1
3738,0
3739,0
3740,1
3741,0
3742,1
3743,0
3744,0
3745,0
3746,1
3747,1
3748,0
3749,0
3750,0
3751,1
3752,1
3753,1
3754,0
3755,0
3756,1
3757,0
3758,1
3759,1
3760,0
3761,1
3762,0
3763,0
3764,1
3765,1
3766,1
3767,1
3768,1
3769,0
3770,1
3771,1
3772,0
3773,1
3774,0
3775,1
3776,0
3777,1
3778,0
3779,0
3780,0
3781,1
3782,1
3783,0
3784,1
3785,0
3786,1
3787,1
3788,0
3789,1
3790,0
3791,1
3792,1
3793,1
3794,1
3795,1
3796,1
3797,1
3798,1
3799,0
3800,0
3801,1
3802,0
3803,1
3804,1
3805,0
3806,1
3807,0
3808,1
3809,0
3810,0
3811,0
3812,1
3813,0
3814,0
3815,0
3816,1
3817,1
3818,1
3819,0
3820,0
3821,1
3822,0
3823,1
3824,0
3825,0
3826,1
3827,1
3828,0
3829,0
3830,1
3831,1
3832,0
3833,1
3834,0
3835,1
3836,1
3837,1
3838,0
3839,1
3840,0
3841,0
3842,1
3843,1
3844,1
3845,1
3846,1
3847,1
3848,1
3849,1
3850,0
3851,0
3852,0
3853,0
3854,0
3855,1
3856,0
3857,1
3858,0
3859,0
3860,1
3861,1
3862,1
3863,1
3864,0
3865,1
3866,1
3867,0
3868,1
3869,1
3870,1
3871,1
3872,1
3873,1
3874,1
3875,1
3876,0
3877,0
3878,0
3879,1
3880,1
3881,0
3882,0
3883,1
3884,1
3885,0
3886,0
3887,0
3888,1
3889,1
3890,0
3891,1
3892,0
3893,0
3894,1
3895,0
3896,0
3897,0
3898,0
3899,1
3900,1
3901,1
3902,0
3903,0
3904,0
3905,0
3906,1
3907,0
3908,0
3909,0
3910,1
3911,0
3912,0
3913,1
3914,0
3915,1
3916,0
3917,0
3918,0
3919,0
3920,1
3921,0
3922,0
3923,1
3924,0
3925,0
3926,0
3927,1
3928,1
3929,0
3930,1
3931,0
3932,0
3933,0
3934,1
3935,0
3936,0
3937,1
3938,0
3939,0
3940,0
3941,1
3942,0
3943,1
3944,1
3945,0
3946,1
3947,1
3948,0
3949,1
3950,1
3951,1
3952,0
3953,0
3954,1
3955,1
3956,1
3957,0
3958,1
3959,1
3960,1
3961,0
3962,0
3963,0
3964,0
3965,1
3966,1
3967,1
3968,0
3969,1
3970,1
3971,0
3972,1
3973,1
3974,1
3975,1
3976,0
3977,1
3978,0
3979,1
3980,1
3981,1
3982,1
3983,0
3984,1
3985,1
3986,1
3987,1
3988,0
3989,0
3990,1
3991,1
3992,1
3993,0
3994,1
3995,0
3996,1
3997,0
3998,1
3999,0
4000,0
4001,0
4002,0
4003,1
4004,0
4005,1
4006,1
4007,0
4008,0
4009,0
4010,1
4011,1
4012,1
4013,0
4014,1
4015,1
4016,0
4017,0
4018,0
4019,1
4020,0
4021,1
4022,0
4023,0
4024,0
4025,1
4026,0
4027,0
4028,1
4029,0
4030,0
4031,0
4032,1
4033,1
4034,0
4035,1
4036,0
4037,1
4038,1
4039,0
4040,1
4041,0
4042,0
4043,1
4044,0
4045,0
4046,0
4047,1
4048,0
4049,0
4050,1
4051,0
4052,1
4053,0
4054,0
4055,0
4056,0
4057,1
4058,0
4059,1
4060,1
4061,0
4062,1
4063,0
4064,0
4065,0
4066,1
4067,1
4068,1
4069,0
4070,0
4071,1
4072,1
4073,0
4074,0
4075,0
4076,1
4077,0
4078,1
4079,0
4080,0
4081,1
4082,1
4083,0
4084,0
4085,1
4086,0
4087,0
4088,0
4089,1
4090,0
4091,0
4092,1
4093,0
4094,0
4095,0
4096,1
4097,0
4098,0
4099,1
4100,1
4101,0
4102,1
4103,0
4104,1
4105,1
4106,0
4107,0
4108,1
4109,1
4110,1
4111,1
4112,0
4113,1
4114,0
4115,0
4116,1
4117,1
4118,1
4119,1
4120,0
4121,1
4122,1
4123,0
4124,0
4125,1
4126,1
4127,0
4128,0
4129,0
4130,1
4131,1
4132,0
4133,0
4134,1
4135,1
4136,0
4137,1
4138,0
4139,0
4140,1
4141,0
4142,0
4143,0
4144,0
4145,0
4146,0
4147,1
4148,0
4149,1
4150,0
4151,0
4152,0
4153,1
4154,1
4155,1
4156,1
4157,1
4158,0
4159,0
4160,0
4161,0
4162,1
4163,1
4164,0
4165,1
4166,1
4167,0
4168,1
4169,0
4170,0
4171,1
4172,1
4173,1
4174,1
4175,1
4176,0
4177,1
4178,1
4179,0
4180,0
4181,1
4182,1
4183,1
4184,1
4185,1
4186,1
4187,0
4188,0
4189,1
4190,0
4191,0
4192,1
4193,1
4194,0
4195,0
4196,1
4197,0
4198,1
4199,1
4200,1
4201,1
4202,0
4203,0
4204,0
4205,1
4206,0
4207,0
4208,0
4209,0
4210,0
4211,0
4212,0
4213,0
4214,1
4215,0
4216,0
4217,0
4218,0
4219,0
4220,1
4221,0
4222,1
4223,0
4224,1
4225,1
4226,0
4227,0
4228,0
4229,0
4230,0
4231,0
4232,0
4233,0
4234,0
4235,1
4236,0
4237,1
4238,0
4239,1
4240,0
4241,1
4242,0
4243,1
4244,1
4245,1
4246,0
4247,1
4248,0
4249,1
4250,0
4251,1
4252,1
4253,1
4254,1
4255,1
4256,0
4257,1
4258,1
4259,1
4260,1
4261,1
4262,1
4263,0
4264,1
4265,1
4266,0
4267,1
4268,1
4269,1
4270,1
4271,0
4272,0
4273,0
4274,1
4275,0
4276,1
4277,1
4278,1
4279,0
4280,0
4281,0
4282,0
4283,0
4284,1
4285,0
4286,1
4287,0
4288,1
4289,0
4290,0
4291,1
4292,1
4293,1
4294,1
4295,1
4296,1
4297,1
4298,0
4299,0
4300,0
4301,1
4302,0
4303,0
4304,0
4305,0
4306,1
4307,1
4308,0
4309,1
4310,0
4311,1
4312,0
4313,0
4314,1
4315,1
4316,1
4317,1
4318,0
4319,0
4320,1
4321,0
4322,0
4323,1
4324,1
4325,0
4326,1
4327,0
4328,1
4329,0
4330,1
4331,0
4332,1
4333,0
4334,0
4335,1
4336,1
4337,0
4338,1
4339,0
4340,1
4341,1
4342,1
4343,0
4344,0
4345,0
4346,1
4347,1
4348,1
4349,0
4350,0
4351,1
4352,1
4353,1
4354,1
4355,0
4356,1
4357,1
4358,0
4359,0
4360,1
4361,1
4362,1
4363,0
4364,0
4365,0
4366,1
4367,1
4368,0
4369,0
4370,0
4371,1
4372,0
4373,0
4374,0
4375,1
4376,0
4377,0
4378,0
4379,0
4380,1
4381,0
4382,1
4383,0
4384,1
4385,1
4386,1
4387,0
4388,1
4389,0
4390,0
4391,0
4392,0
4393,0
4394,1
4395,0
4396,1
4397,0
4398,0
4399,1
4400,1
4401,0
4402,1
4403,1
4404,1
4405,1
4406,1
4407,0
4408,1
4409,1
4410,0
4411,1
4412,0
4413,1
4414,0
4415,1
4416,1
4417,0
4418,1
4419,1
4420,1
4421,1
4422,1
4423,0
4424,1
4425,1
4426,1
4427,0
4428,1
4429,1
4430,1
4431,0
4432,1
4433,1
4434,1
4435,0
4436,1
4437,1
4438,0
4439,0
4440,1
4441,1
4442,0
4443,1
4444,0
4445,0
4446,1
4447,0
4448,0
4449,0
4450,1
4451,1
4452,1
4453,1
4454,0
4455,0
4456,1
4457,1
4458,1
4459,0
4460,1
4461,0
4462,1
4463,0
4464,0
4465,1
4466,0
4467,1
4468,1
4469,1
4470,0
4471,0
4472,0
4473,1
4474,1
4475,1
4476,0
4477,1
4478,0
4479,0
4480,1
4481,1
4482,0
4483,0
4484,1
4485,0
4486,1
4487,1
4488,0
4489,1
4490,0
4491,1
4492,1
4493,0
4494,1
4495,1
4496,0
4497,1
4498,0
4499,1
4500,0
4501,0
4502,0
4503,1
4504,0
4505,1
4506,1
4507,1
4508,1
4509,1
4510,1
4511,1
4512,1
4513,0
4514,0
4515,0
4516,0
4517,0
4518,1
4519,1
4520,1
4521,0
4522,0
4523,1
4524,0
4525,0
4526,1
4527,1
4528,1
4529,1
4530,1
4531,1
4532,0
4533,0
4534,0
4535,0
4536,1
4537,0
4538,0
4539,1
4540,0
4541,1
4542,1
4543,0
4544,0
4545,1
4546,1
4547,1
4548,0
4549,1
4550,1
4551,1
4552,1
4553,0
4554,0
4555,1
4556,0
4557,0
4558,0
4559,1
4560,1
4561,1
4562,1
4563,1
4564,0
4565,0
4566,0
4567,1
4568,0
4569,1
4570,1
4571,0
4572,0
4573,1
4574,0
4575,0
4576,0
4577,1
4578,0
4579,0
4580,1
4581,1
4582,0
4583,1
4584,0
4585,0
4586,0
4587,1
4588,1
4589,1
4590,1
4591,0
4592,1
4593,0
4594,1
4595,0
4596,1
4597,1
4598,0
4599,1
4600,1
4601,1
4602,1
4603,1
4604,1
4605,0
4606,1
4607,1
4608,1
4609,0
4610,1
4611,1
4612,1
4613,0
4614,0
4615,1
4616,1
4617,1
4618,0
4619,0
4620,1
4621,1
4622,0
4623,1
4624,1
4625,1
4626,0
4627,0
4628,0
4629,1
4630,1
4631,0
4632,1
4633,1
4634,1
4635,0
4636,0
4637,1
4638,0
4639,0
4640,1
4641,1
4642,1
4643,0
4644,1
4645,1
4646,1
4647,1
4648,1
4649,0
4650,0
4651,0
4652,1
4653,0
4654,0
4655,1
4656,1
4657,0
4658,1
4659,0
4660,0
4661,0
4662,1
4663,0
4664,0
4665,1
4666,0
4667,1
4668,0
4669,1
4670,1
4671,0
4672,1
4673,1
4674,1
4675,0
4676,1
4677,1
4678,1
4679,0
4680,0
4681,1
4682,0
4683,0
4684,1
4685,0
4686,1
4687,1
4688,0
4689,1
4690,1
4691,1
4692,0
4693,1
4694,1
4695,1
4696,1
4697,1
4698,1
4699,0
4700,0
4701,0
4702,0
4703,1
4704,1
4705,1
4706,1
4707,0
4708,1
4709,0
4710,1
4711,1
4712,0
4713,1
4714,1
4715,0
4716,1
4717,0
4718,0
4719,0
4720,0
4721,0
4722,1
4723,0
4724,1
4725,1
4726,1
4727,0
4728,1
4729,1
4730,1
4731,1
4732,1
4733,1
4734,1
4735,0
4736,0
4737,0
4738,0
4739,1
4740,0
4741,1
4742,1
4743,0
4744,1
4745,0
4746,1
4747,0
4748,0
4749,1
4750,0
4751,1
4752,0
4753,0
4754,1
4755,1
4756,1
4757,0
4758,0
4759,1
4760,1
4761,1
4762,1
4763,1
4764,0
4765,1
4766,0
4767,1
4768,0
4769,0
4770,0
4771,1
4772,0
4773,0
4774,0
4775,0
4776,0
4777,1
4778,0
4779,1
4780,0
4781,1
4782,1
4783,0
4784,1
4785,0
4786,1
4787,0
4788,1
4789,1
4790,0
4791,1
4792,1
4793,0
4794,0
4795,0
4796,0
4797,1
4798,0
4799,1
4800,0
4801,1
4802,1
4803,1
4804,1
4805,0
4806,1
4807,1
4808,0
4809,1
4810,0
4811,1
4812,1
4813,1
4814,1
4815,0
4816,1
4817,1
4818,0
4819,0
4820,1
4821,1
4822,1
4823,1
4824,1
4825,0
4826,0
4827,1
4828,1
4829,1
4830,1
4831,1
4832,1
4833,0
4834,1
4835,0
4836,0
4837,0
4838,1
4839,0
4840,0
4841,0
4842,0
4843,1
4844,1
4845,1
4846,1
4847,1
4848,1
4849,1
4850,0
4851,1
4852,1
4853,1
4854,0
4855,0
4856,1
4857,1
4858,0
4859,1
4860,0
4861,1
4862,0
4863,0
4864,1
4865,0
4866,0
4867,0
4868,1
4869,0
4870,1
4871,1
4872,1
4873,1
4874,1
4875,0
4876,1
4877,0
4878,1
4879,1
4880,0
4881,1
4882,0
4883,0
4884,1
4885,0
4886,1
4887,1
4888,0
4889,0
4890,0
4891,0
4892,0
4893,1
4894,1
4895,1
4896,0
4897,1
4898,0
4899,1
4900,0
4901,0
4902,0
4903,0
4904,0
4905,0
4906,1
4907,1
4908,1
4909,1
4910,1
4911,0
4912,0
4913,0
4914,1
4915,1
4916,0
4917,1
4918,1
4919,1
4920,1
4921,1
4922,1
4923,1
4924,1
4925,0
4926,1
4927,0
4928,1
4929,1
4930,0
4931,0
4932,1
4933,1
4934,1
4935,0
4936,0
4937,0
4938,0
4939,0
4940,0
4941,0
4942,0
4943,1
4944,0
4945,0
4946,1
4947,0
4948,0
4949,1
4950,0
4951,1
4952,1
4953,1
4954,0
4955,1
4956,1
4957,0
4958,0
4959,1
4960,1
4961,1
4962,0
4963,1
4964,1
4965,1
4966,1
4967,0
4968,0
4969,0
4970,0
4971,1
4972,1
4973,0
4974,1
4975,0
4976,0
4977,0
4978,0
4979,1
4980,1
4981,0
4982,1
4983,1
4984,0
4985,1
4986,1
4987,1
4988,1
4989,0
4990,0
4991,0
4992,1
4993,0
4994,0
4995,1
4996,1
4997,0
4998,1
4999,0
5000,1
5001,0
5002,1
5003,0
5004,0
5005,1
5006,0
5007,1
5008,1
5009,0
5010,0
5011,0
5012,1
5013,1
5014,1
5015,0
5016,1
5017,0
5018,1
5019,1
5020,1
5021,1
5022,0
5023,0
5024,1
5025,0
5026,0
5027,0
5028,0
5029,1
5030,0
5031,0
5032,0
5033,0
5034,0
5035,0
5036,0
5037,0
5038,0
5039,0
5040,1
5041,1
5042,1
5043,1
5044,0
5045,0
5046,1
5047,1
5048,1
5049,0
5050,0
5051,1
5052,1
5053,1
5054,1
5055,0
5056,0
5057,1
5058,0
5059,1
5060,1
5061,1
5062,0
5063,0
5064,0
5065,0
5066,1
5067,0
5068,0
5069,1
5070,0
5071,1
5072,1
5073,1
5074,0
5075,1
5076,1
5077,0
5078,0
5079,1
5080,1
5081,1
5082,0
5083,0
5084,1
5085,1
5086,0
5087,0
5088,1
5089,0
5090,1
5091,1
5092,1
5093,1
5094,1
5095,1
5096,1
5097,1
5098,0
5099,1
5100,1
5101,1
5102,0
5103,0
5104,0
5105,0
5106,1
5107,0
5108,1
5109,1
5110,1
5111,1
5112,1
5113,0
5114,0
5115,0
5116,1
5117,0
5118,1
5119,0
5120,0
5121,1
5122,1
5123,1
5124,0
5125,1
5126,1
5127,0
5128,1
5129,0
5130,1
5131,1
5132,1
5133,1
5134,1
5135,1
5136,0
5137,1
5138,1
5139,0
5140,1
5141,1
5142,0
5143,0
5144,0
5145,1
5146,1
5147,1
5148,1
5149,0
5150,1
5151,1
5152,1
5153,0
5154,0
5155,1
5156,1
5157,0
5158,1
5159,0
5160,0
5161,0
5162,1
5163,0
5164,0
5165,0
5166,1
5167,1
5168,0
5169,0
5170,0
5171,0
5172,1
5173,1
5174,1
5175,0
5176,1
5177,1
5178,0
5179,1
5180,0
5181,0
5182,0
5183,0
5184,1
5185,0
5186,1
5187,1
5188,1
5189,1
5190,1
5191,1
5192,0
5193,1
5194,1
5195,1
5196,0
5197,1
5198,0
5199,0
5200,1
5201,1
5202,1
5203,0
5204,0
5205,1
5206,0
5207,0
5208,0
5209,0
5210,0
5211,1
5212,0
5213,1
5214,1
5215,0
5216,0
5217,1
5218,0
5219,1
5220,0
5221,0
5222,1
5223,0
5224,0
5225,1
5226,1
5227,1
5228,1
5229,0
5230,0
5231,0
5232,1
5233,0
5234,0
5235,0
5236,0
5237,1
5238,0
5239,1
5240,0
5241,1
5242,1
5243,0
5244,0
5245,1
5246,1
5247,0
5248,0
5249,1
5250,1
5251,1
5252,1
5253,1
5254,0
5255,1
5256,0
5257,0
5258,0
5259,1
5260,1
5261,1
5262,1
5263,0
5264,1
5265,1
5266,1
5267,0
5268,1
5269,1
5270,1
5271,1
5272,0
5273,1
5274,0
5275,1
5276,1
5277,1
5278,1
5279,0
5280,0
5281,0
5282,1
5283,0
5284,0
5285,0
5286,1
5287,1
5288,1
5289,1
5290,0
5291,0
5292,0
5293,0
5294,0
5295,0
5296,0
5297,0
5298,0
5299,1
5300,1
5301,0
5302,1
5303,1
5304,0
5305,0
5306,1
5307,0
5308,1
5309,1
5310,0
5311,1
5312,0
5313,0
5314,1
5315,1
5316,0
5317,0
5318,1
5319,1
5320,0
5321,1
5322,0
5323,0
5324,1
5325,1
5326,0
5327,1
5328,1
5329,0
5330,1
5331,1
5332,0
5333,1
5334,0
5335,1
5336,0
5337,1
5338,1
5339,1
5340,0
5341,1
5342,0
5343,1
5344,1
5345,0
5346,0
5347,0
5348,0
5349,1
5350,1
5351,0
5352,1
5353,1
5354,1
5355,1
5356,0
5357,1
5358,1
5359,1
5360,1
5361,0
5362,1
5363,0
5364,1
5365,0
5366,1
5367,1
5368,1
5369,0
5370,1
5371,0
5372,0
5373,0
5374,0
5375,0
5376,1
5377,1
5378,1
5379,0
5380,1
5381,1
5382,1
5383,1
5384,0
5385,1
5386,1
5387,1
5388,0
5389,0
5390,1
5391,0
5392,0
5393,1
5394,1
5395,1
5396,0
5397,0
5398,0
5399,1
5400,1
5401,0
5402,1
5403,1
5404,1
5405,1
5406,1
5407,0
5408,0
5409,1
5410,1
5411,0
5412,1
5413,1
5414,1
5415,1
5416,0
5417,0
5418,1
5419,1
5420,1
5421,1
5422,1
5423,1
5424,0
5425,1
5426,0
5427,0
5428,1
5429,1
5430,0
5431,1
5432,1
5433,0
5434,0
5435,1
5436,0
5437,0
5438,0
5439,1
5440,0
5441,1
5442,1
5443,0
5444,0
5445,1
5446,1
5447,0
5448,1
5449,0
5450,1
5451,1
5452,0
5453,0
5454,1
5455,1
5456,1
5457,0
5458,0
5459,0
5460,0
5461,0
5462,1
5463,1
5464,1
5465,0
5466,1
5467,1
5468,1
5469,0
5470,1
5471,1
5472,1
5473,0
5474,0
5475,0
5476,0
5477,0
5478,1
5479,0
5480,1
5481,0
5482,1
5483,1
5484,0
5485,1
5486,1
5487,0
5488,1
5489,0
5490,1
5491,0
5492,1
5493,0
5494,1
5495,1
5496,1
5497,0
5498,0
5499,1
5500,0
5501,0
5502,1
5503,1
5504,1
5505,1
5506,0
5507,0
5508,0
5509,0
5510,0
5511,1
5512,1
5513,0
5514,1
5515,0
5516,1
5517,0
5518,1
5519,1
5520,0
5521,1
5522,0
5523,1
5524,0
5525,1
5526,1
5527,0
5528,1
5529,1
5530,0
5531,0
5532,0
5533,0
5534,1
5535,1
5536,0
5537,0
5538,1
5539,0
5540,1
5541,0
5542,1
5543,0
5544,1
5545,1
5546,1
5547,1
5548,1
5549,1
5550,1
5551,1
5552,0
5553,1
5554,1
5555,0
5556,0
5557,1
5558,0
5559,0
5560,0
5561,0
5562,0
5563,1
5564,0
5565,0
5566,1
5567,1
5568,1
5569,1
5570,0
5571,0
5572,0
5573,0
5574,1
5575,0
5576,1
5577,0
5578,1
5579,0
5580,0
5581,1
5582,0
5583,0
5584,0
5585,0
5586,1
5587,0
5588,0
5589,1
5590,0
5591,0
5592,0
5593,1
5594,0
5595,0
5596,1
5597,1
5598,0
5599,0
5600,1
5601,1
5602,0
5603,0
5604,1
5605,0
5606,1
5607,1
5608,0
5609,1
5610,1
5611,0
5612,0
5613,0
5614,1
5615,1
5616,1
5617,0
5618,0
5619,0
5620,1
5621,1
5622,0
5623,1
5624,1
5625,0
5626,0
5627,1
5628,0
5629,0
5630,0
5631,0
5632,0
5633,1
5634,1
5635,1
5636,1
5637,1
5638,0
5639,0
5640,0
5641,1
5642,0
5643,1
5644,1
5645,1
5646,1
5647,1
5648,0
5649,1
5650,0
5651,0
5652,0
5653,0
5654,0
5655,0
5656,1
5657,1
5658,0
5659,0
5660,1
5661,1
5662,1
5663,1
5664,0
5665,1
5666,0
5667,0
5668,0
5669,1
5670,0
5671,0
5672,1
5673,1
5674,1
5675,0
5676,0
5677,1
5678,0
5679,1
5680,1
5681,0
5682,0
5683,1
5684,0
5685,1
5686,1
5687,1
5688,0
5689,0
5690,1
5691,0
5692,0
5693,1
5694,0
5695,1
5696,1
5697,1
5698,0
5699,1
5700,0
5701,0
5702,1
5703,0
5704,0
5705,0
5706,1
5707,0
5708,0
5709,1
5710,0
5711,1
5712,0
5713,0
5714,1
5715,0
5716,0
5717,0
5718,0
5719,0
5720,0
5721,1
5722,0
5723,0
5724,0
5725,0
5726,1
5727,0
5728,0
5729,0
5730,0
5731,0
5732,0
5733,1
5734,0
5735,0
5736,1
5737,0
5738,1
5739,0
5740,1
5741,0
5742,1
5743,1
5744,1
5745,1
5746,0
5747,0
5748,0
5749,1
5750,0
5751,0
5752,1
5753,1
5754,1
5755,0
5756,0
5757,1
5758,1
5759,0
5760,1
5761,1
5762,0
5763,1
5764,0
5765,1
5766,0
5767,0
5768,1
5769,1
5770,1
5771,1
5772,1
5773,1
5774,1
5775,0
5776,1
5777,0
5778,1
5779,1
5780,1
5781,1
5782,1
5783,1
5784,0
5785,0
5786,0
5787,0
5788,1
5789,0
5790,0
5791,1
5792,0
5793,0
5794,0
5795,1
5796,0
5797,1
5798,1
5799,1
5800,1
5801,0
5802,1
5803,1
5804,0
5805,0
5806,1
5807,0
5808,0
5809,0
5810,1
5811,1
5812,1
5813,1
5814,1
5815,0
5816,1
5817,0
5818,0
5819,1
5820,0
5821,0
5822,0
5823,0
5824,1
5825,0
5826,1
5827,1
5828,0
5829,0
5830,1
5831,0
5832,1
5833,1
5834,1
5835,0
5836,1
5837,0
5838,1
5839,1
5840,0
5841,0
5842,0
5843,0
5844,0
5845,0
5846,0
5847,0
5848,0
5849,0
5850,1
5851,1
5852,1
5853,1
5854,0
5855,1
5856,0
5857,1
5858,0
5859,0
5860,0
5861,0
5862,0
5863,1
5864,1
5865,0
5866,0
5867,0
5868,0
5869,0
5870,1
5871,1
5872,0
5873,1
5874,1
5875,0
5876,1
5877,1
5878,1
5879,1
5880,0
5881,1
5882,1
5883,0
5884,1
5885,0
5886,0
5887,1
5888,0
5889,0
5890,0
5891,1
5892,0
5893,1
5894,1
5895,0
5896,0
5897,0
5898,1
5899,1
5900,0
5901,1
5902,0
5903,1
5904,0
5905,1
5906,1
5907,1
5908,1
5909,0
5910,0
5911,0
5912,0
5913,0
5914,1
5915,1
5916,1
5917,1
5918,0
5919,1
5920,0
5921,0
5922,0
5923,1
5924,0
5925,0
5926,0
5927,0
5928,1
5929,1
5930,1
5931,0
5932,1
5933,0
5934,1
5935,0
5936,0
5937,1
5938,1
5939,1
5940,1
5941,0
5942,0
5943,0
5944,1
5945,1
5946,0
5947,0
5948,1
5949,1
5950,0
5951,1
5952,0
5953,1
5954,1
5955,0
5956,0
5957,0
5958,1
5959,0
5960,0
5961,0
5962,1
5963,1
5964,0
5965,1
5966,0
5967,1
5968,0
5969,0
5970,1
5971,1
5972,0
5973,0
5974,1
5975,0
5976,0
5977,1
5978,0
5979,0
5980,0
5981,1
5982,1
5983,1
5984,1
5985,0
5986,0
5987,1
5988,1
5989,1
5990,0
5991,1
5992,0
5993,0
5994,0
5995,0
5996,0
5997,0
5998,0
5999,1
6000,0
6001,1
6002,1
6003,1
6004,1
6005,0
6006,0
6007,1
6008,1
6009,1
6010,0
6011,0
6012,1
6013,1
6014,1
6015,1
6016,0
6017,0
6018,0
6019,0
6020,0
6021,1
6022,1
6023,1
6024,1
6025,1
6026,1
6027,0
6028,0
6029,1
6030,0
6031,1
6032,1
6033,0
6034,0
6035,0
6036,1
6037,1
6038,1
6039,1
6040,0
6041,1
6042,1
6043,1
6044,0
6045,0
6046,1
6047,1
6048,0
6049,0
6050,0
6051,1
6052,1
6053,1
6054,1
6055,1
6056,1
6057,0
6058,1
6059,0
6060,0
6061,1
6062,0
6063,0
6064,0
6065,0
6066,1
6067,1
6068,1
6069,1
6070,0
6071,0
6072,1
6073,0
6074,1
6075,1
6076,1
6077,0
6078,0
6079,0
6080,0
6081,0
6082,1
6083,0
6084,0
6085,0
6086,1
6087,1
6088,1
6089,1
6090,0
6091,1
6092,1
6093,1
6094,0
6095,1
6096,0
6097,0
6098,0
6099,1
6100,1
6101,1
6102,1
6103,0
6104,1
6105,0
6106,0
6107,1
6108,0
6109,1
6110,1
6111,1
6112,1
6113,1
6114,1
6115,0
6116,1
6117,1
6118,0
6119,1
6120,1
6121,0
6122,0
6123,0
6124,1
6125,1
6126,1
6127,0
6128,1
6129,0
6130,0
6131,1
6132,0
6133,1
6134,1
6135,1
6136,1
6137,0
6138,1
6139,0
6140,1
6141,1
6142,0
6143,1
6144,1
6145,0
6146,1
6147,0
6148,1
6149,1
6150,1
6151,0
6152,0
6153,0
6154,0
6155,1
6156,0
6157,1
6158,1
6159,0
6160,1
6161,1
6162,0
6163,0
6164,0
6165,1
6166,1
6167,1
6168,1
6169,1
6170,1
6171,1
6172,1
6173,1
6174,0
6175,0
6176,0
6177,0
6178,0
6179,1
6180,1
6181,1
6182,1
6183,0
6184,0
6185,0
6186,0
6187,1
6188,0
6189,0
6190,1
6191,1
6192,1
6193,1
6194,0
6195,1
6196,1
6197,0
6198,1
6199,1
6200,0
6201,0
6202,0
6203,1
6204,1
6205,0
6206,0
6207,1
6208,0
6209,0
6210,1
6211,0
6212,1
6213,1
6214,1
6215,0
6216,1
6217,1
6218,0
6219,0
6220,1
6221,1
6222,0
6223,0
6224,1
6225,0
6226,1
6227,0
6228,0
6229,0
6230,1
6231,1
6232,0
6233,1
6234,0
6235,1
6236,1
6237,1
6238,0
6239,1
6240,1
6241,1
6242,1
6243,0
6244,0
6245,1
6246,0
6247,0
6248,1
6249,0
6250,0
6251,0
6252,0
6253,0
6254,1
6255,1
6256,1
6257,1
6258,0
6259,1
6260,0
6261,0
6262,0
6263,0
6264,0
6265,1
6266,1
6267,1
6268,1
6269,1
6270,0
6271,0
6272,1
6273,0
6274,1
6275,1
6276,1
6277,0
6278,0
6279,1
6280,1
6281,1
6282,1
6283,1
6284,0
6285,1
6286,0
6287,0
6288,0
6289,0
6290,1
6291,0
6292,0
6293,0
6294,0
6295,1
6296,1
6297,1
6298,1
6299,0
6300,0
6301,0
6302,1
6303,1
6304,0
6305,1
6306,0
6307,1
6308,0
6309,1
6310,1
6311,1
6312,1
6313,1
6314,1
6315,0
6316,1
6317,0
6318,1
6319,0
6320,0
6321,1
6322,0
6323,1
6324,0
6325,0
6326,0
6327,0
6328,1
6329,0
6330,1
6331,1
6332,1
6333,1
6334,1
6335,1
6336,1
6337,1
6338,0
6339,1
6340,1
6341,1
6342,0
6343,1
6344,0
6345,1
6346,0
6347,1
6348,0
6349,1
6350,0
6351,1
6352,0
6353,1
6354,0
6355,1
6356,1
6357,0
6358,0
6359,1
6360,1
6361,1
6362,1
6363,0
6364,1
6365,1
6366,0
6367,1
6368,1
6369,0
6370,1
6371,0
6372,0
6373,1
6374,0
6375,0
6376,0
6377,1
6378,1
6379,0
6380,1
6381,1
6382,1
6383,1
6384,1
6385,0
6386,1
6387,0
6388,0
6389,1
6390,0
6391,0
6392,0
6393,1
6394,1
6395,0
6396,0
6397,1
6398,1
6399,0
6400,0
6401,0
6402,0
6403,0
6404,1
6405,1
6406,1
6407,1
6408,0
6409,0
6410,1
6411,0
6412,0
6413,1
6414,0
6415,0
6416,0
6417,1
6418,1
6419,0
6420,0
6421,0
6422,1
6423,1
6424,0
6425,1
6426,0
6427,1
6428,1
6429,0
6430,0
6431,0
6432,0
6433,0
6434,1
6435,0
6436,0
6437,0
6438,0
6439,1
6440,0
6441,0
6442,1
6443,1
6444,0
6445,1
6446,1
6447,0
6448,1
6449,0
6450,1
6451,0
6452,0
6453,1
6454,1
6455,1
6456,0
6457,1
6458,1
6459,0
6460,0
6461,1
6462,1
6463,0
6464,0
6465,0
6466,1
6467,0
6468,1
6469,0
6470,0
6471,1
6472,0
6473,0
6474,0
6475,0
6476,1
6477,0
6478,1
6479,1
6480,1
6481,0
6482,0
6483,1
6484,1
6485,0
6486,0
6487,0
6488,1
6489,0
6490,1
6491,0
6492,1
6493,0
6494,0
6495,0
6496,0
6497,0
6498,1
6499,1
6500,0
6501,0
6502,1
6503,1
6504,1
6505,0
6506,1
6507,0
6508,1
6509,1
6510,0
6511,0
6512,0
6513,0
6514,1
6515,1
6516,0
6517,1
6518,0
6519,1
6520,0
6521,1
6522,0
6523,0
6524,0
6525,1
6526,0
6527,0
6528,1
6529,1
6530,1
6531,0
6532,1
6533,0
6534,1
6535,1
6536,0
6537,1
6538,1
6539,1
6540,0
6541,0
6542,1
6543,0
6544,0
6545,0
6546,0
6547,1
6548,1
6549,0
6550,1
6551,1
6552,0
6553,0
6554,0
6555,1
6556,0
6557,0
6558,1
6559,0
6560,1
6561,0
6562,1
6563,1
6564,1
6565,1
6566,1
6567,0
6568,1
6569,0
6570,1
6571,0
6572,1
6573,1
6574,1
6575,1
6576,1
6577,0
6578,1
6579,0
6580,0
6581,1
6582,0
6583,0
6584,0
6585,0
6586,1
6587,0
6588,1
6589,1
6590,1
6591,0
6592,1
6593,1
6594,0
6595,0
6596,1
6597,0
6598,1
6599,1
6600,1
6601,0
6602,0
6603,1
6604,0
6605,0
6606,1
6607,0
6608,1
6609,1
6610,1
6611,0
6612,1
6613,1
6614,1
6615,1
6616,0
6617,1
6618,1
6619,0
6620,1
6621,1
6622,1
6623,0
6624,0
6625,0
6626,1
6627,1
6628,1
6629,1
6630,0
6631,1
6632,0
6633,1
6634,0
6635,0
6636,1
6637,1
6638,1
6639,0
6640,0
6641,1
6642,1
6643,1
6644,1
6645,0
6646,0
6647,0
6648,0
6649,0
6650,1
6651,0
6652,0
6653,0
6654,1
6655,1
6656,1
6657,1
6658,1
6659,0
6660,0
6661,1
6662,1
6663,0
6664,1
6665,0
6666,0
6667,1
6668,1
6669,0
6670,0
6671,0
6672,1
6673,1
6674,1
6675,0
6676,0
6677,1
6678,0
6679,1
6680,0
6681,1
6682,1
6683,1
6684,0
6685,1
6686,0
6687,0
6688,0
6689,0
6690,1
6691,0
6692,0
6693,1
6694,1
6695,0
6696,0
6697,0
6698,0
6699,1
6700,0
6701,0
6702,1
6703,0
6704,1
6705,1
6706,1
6707,0
6708,0
6709,0
6710,0
6711,1
6712,1
6713,0
6714,1
6715,1
6716,0
6717,1
6718,0
6719,1
6720,1
6721,0
6722,1
6723,0
6724,0
6725,1
6726,1
6727,1
6728,1
6729,0
6730,1
6731,1
6732,0
6733,1
6734,1
6735,0
6736,0
6737,0
6738,1
6739,1
6740,0
6741,1
6742,1
6743,0
6744,1
6745,0
6746,0
6747,1
6748,1
6749,1
6750,0
6751,1
6752,0
6753,0
6754,1
6755,1
6756,0
6757,1
6758,0
6759,0
6760,0
6761,1
6762,1
6763,1
6764,0
6765,0
6766,1
6767,0
6768,1
6769,0
6770,0
6771,1
6772,1
6773,1
6774,0
6775,1
6776,0
6777,0
6778,0
6779,1
6780,1
6781,1
6782,1
6783,0
6784,0
6785,1
6786,0
6787,1
6788,0
6789,1
6790,1
6791,1
6792,0
6793,0
6794,1
6795,0
6796,1
6797,1
6798,0
6799,1
6800,0
6801,0
6802,1
6803,0
6804,0
6805,1
6806,0
6807,1
6808,0
6809,0
6810,0
6811,1
6812,1
6813,0
6814,1
6815,0
6816,0
6817,1
6818,0
6819,0
6820,0
6821,0
6822,1
6823,1
6824,1
6825,1
6826,0
6827,0
6828,0
6829,1
6830,0
6831,1
6832,0
6833,1
6834,1
6835,1
6836,1
6837,1
6838,1
6839,1
6840,0
6841,1
6842,1
6843,1
6844,1
6845,1
6846,0
6847,1
6848,1
6849,0
6850,0
6851,1
6852,0
6853,0
6854,1
6855,1
6856,1
6857,0
6858,1
6859,1
6860,0
6861,0
6862,0
6863,0
6864,0
6865,0
6866,1
6867,1
6868,0
6869,0
6870,1
6871,0
6872,1
6873,1
6874,1
6875,0
6876,1
6877,1
6878,1
6879,0
6880,1
6881,1
6882,1
6883,1
6884,1
6885,0
6886,0
6887,1
6888,1
6889,0
6890,1
6891,1
6892,0
6893,0
6894,0
6895,0
6896,0
6897,1
6898,1
6899,1
6900,0
6901,0
6902,0
6903,1
6904,1
6905,1
6906,1
6907,1
6908,1
6909,1
6910,0
6911,0
6912,0
6913,1
6914,0
6915,1
6916,0
6917,0
6918,1
6919,0
6920,1
6921,0
6922,0
6923,0
6924,0
6925,0
6926,0
6927,0
6928,0
6929,1
6930,1
6931,0
6932,0
6933,0
6934,1
6935,0
6936,1
6937,0
6938,1
6939,0
6940,1
6941,1
6942,0
6943,0
6944,0
6945,1
6946,1
6947,0
6948,0
6949,1
6950,1
6951,1
6952,1
6953,1
6954,1
6955,1
6956,1
6957,0
6958,0
6959,0
6960,0
6961,1
6962,0
6963,1
6964,1
6965,0
6966,0
6967,0
6968,1
6969,1
6970,1
6971,1
6972,0
6973,1
6974,0
6975,0
6976,1
6977,1
6978,0
6979,1
6980,0
6981,1
6982,1
6983,0
6984,1
6985,1
6986,1
6987,0
6988,1
6989,1
6990,0
6991,0
6992,1
6993,1
6994,1
6995,1
6996,1
6997,0
6998,1
6999,1
7000,0
7001,1
7002,0
7003,1
7004,1
7005,1
7006,1
7007,1
7008,1
7009,1
7010,0
7011,0
7012,0
7013,0
7014,1
7015,0
7016,1
7017,1
7018,1
7019,0
7020,1
7021,1
7022,1
7023,1
7024,1
7025,0
7026,1
7027,0
7028,0
7029,1
7030,1
7031,1
7032,0
7033,1
7034,1
7035,1
7036,1
7037,0
7038,0
7039,1
7040,1
7041,0
7042,1
7043,1
7044,1
7045,1
7046,1
7047,0
7048,1
7049,0
7050,0
7051,1
7052,1
7053,1
7054,0
7055,0
7056,1
7057,0
7058,0
7059,0
7060,1
7061,1
7062,1
7063,0
7064,0
7065,0
7066,1
7067,1
7068,0
7069,1
7070,1
7071,1
7072,1
7073,0
7074,0
7075,1
7076,0
7077,1
7078,0
7079,0
7080,1
7081,0
7082,0
7083,0
7084,1
7085,1
7086,1
7087,0
7088,1
7089,0
7090,0
7091,0
7092,1
7093,1
7094,1
7095,1
7096,1
7097,0
7098,1
7099,1
7100,0
7101,1
7102,1
7103,1
7104,0
7105,1
7106,0
7107,0
7108,0
7109,1
7110,1
7111,1
7112,1
7113,0
7114,0
7115,0
7116,1
7117,0
7118,0
7119,0
7120,1
7121,1
7122,1
7123,0
7124,0
7125,0
7126,0
7127,0
7128,0
7129,0
7130,0
7131,0
7132,1
7133,0
7134,0
7135,1
7136,0
7137,0
7138,1
7139,1
7140,1
7141,0
7142,1
7143,1
7144,0
7145,1
7146,1
7147,0
7148,0
7149,0
7150,0
7151,1
7152,0
7153,1
7154,1
7155,1
7156,1
7157,1
7158,0
7159,1
7160,1
7161,1
7162,0
7163,1
7164,0
7165,1
7166,1
7167,0
7168,0
7169,0
7170,0
7171,1
7172,1
7173,1
7174,1
7175,0
7176,1
7177,1
7178,1
7179,0
7180,1
7181,1
7182,1
7183,1
7184,1
7185,1
7186,1
7187,1
7188,1
7189,0
7190,1
7191,1
7192,0
7193,1
7194,0
7195,0
7196,0
7197,1
7198,1
7199,1
7200,0
7201,1
7202,0
7203,1
7204,0
7205,1
7206,0
7207,0
7208,0
7209,1
7210,1
7211,0
7212,1
7213,1
7214,0
7215,0
7216,0
7217,1
7218,0
7219,1
7220,1
7221,1
7222,0
7223,1
7224,1
7225,1
7226,1
7227,0
7228,1
7229,1
7230,1
7231,1
7232,1
7233,1
7234,1
7235,0
7236,0
7237,1
7238,1
7239,1
7240,1
7241,0
7242,1
7243,1
7244,1
7245,1
7246,1
7247,1
7248,1
7249,0
7250,0
7251,1
7252,0
7253,1
7254,1
7255,1
7256,0
7257,0
7258,1
7259,0
7260,0
7261,1
7262,1
7263,0
7264,0
7265,0
7266,0
7267,1
7268,0
7269,0
7270,1
7271,0
7272,0
7273,0
7274,0
7275,0
7276,1
7277,0
7278,0
7279,0
7280,1
7281,1
7282,1
7283,0
7284,0
7285,1
7286,0
7287,1
7288,0
7289,0
7290,0
7291,1
7292,0
7293,1
7294,0
7295,0
7296,1
7297,1
7298,1
7299,1
7300,1
7301,1
7302,0
7303,1
7304,1
7305,0
7306,0
7307,0
7308,1
7309,0
7310,1
7311,1
7312,0
7313,0
7314,1
7315,0
7316,0
7317,0
7318,0
7319,1
7320,0
7321,1
7322,1
7323,1
7324,1
7325,1
7326,0
7327,1
7328,1
7329,1
7330,1
7331,0
7332,0
7333,0
7334,1
7335,0
7336,0
7337,1
7338,0
7339,0
7340,0
7341,1
7342,1
7343,0
7344,0
7345,1
7346,0
7347,0
7348,0
7349,1
7350,0
7351,0
7352,0
7353,1
7354,0
7355,0
7356,0
7357,1
7358,0
7359,0
7360,1
7361,1
7362,0
7363,0
7364,1
7365,0
7366,1
7367,0
7368,0
7369,1
7370,1
7371,1
7372,0
7373,1
7374,1
7375,1
7376,0
7377,1
7378,1
7379,0
7380,0
7381,1
7382,0
7383,0
7384,1
7385,1
7386,1
7387,1
7388,1
7389,1
7390,1
7391,0
7392,1
7393,0
7394,1
7395,1
7396,0
7397,0
7398,1
7399,0
7400,1
7401,1
7402,1
7403,0
7404,0
7405,1
7406,0
7407,1
7408,1
7409,0
7410,1
7411,1
7412,1
7413,1
7414,0
7415,1
7416,0
7417,1
7418,0
7419,1
7420,0
7421,0
7422,0
7423,1
7424,1
7425,1
7426,1
7427,0
7428,1
7429,0
7430,0
7431,0
7432,0
7433,0
7434,0
7435,1
7436,1
7437,0
7438,0
7439,0
7440,1
7441,1
7442,0
7443,0
7444,0
7445,1
7446,0
7447,1
7448,0
7449,1
7450,0
7451,1
7452,0
7453,1
7454,1
7455,1
7456,0
7457,0
7458,1
7459,1
7460,1
7461,0
7462,1
7463,1
7464,1
7465,0
7466,0
7467,0
7468,0
7469,1
7470,0
7471,0
7472,0
7473,1
7474,0
7475,0
7476,1
7477,0
7478,0
7479,0
7480,0
7481,1
7482,0
7483,1
7484,1
7485,1
7486,0
7487,1
7488,1
7489,1
7490,0
7491,1
7492,0
7493,1
7494,1
7495,1
7496,0
7497,1
7498,1
7499,1
7500,0
7501,0
7502,0
7503,0
7504,1
7505,0
7506,1
7507,1
7508,1
7509,0
7510,1
7511,0
7512,0
7513,1
7514,1
7515,0
7516,1
7517,1
7518,0
7519,0
7520,1
7521,0
7522,0
7523,0
7524,1
7525,1
7526,1
7527,1
7528,1
7529,1
7530,0
7531,0
7532,0
7533,1
7534,0
7535,0
7536,1
7537,1
7538,1
7539,1
7540,1
7541,1
7542,0
7543,1
7544,1
7545,1
7546,0
7547,0
7548,0
7549,1
7550,1
7551,0
7552,1
7553,1
7554,0
7555,1
7556,1
7557,0
7558,1
7559,0
7560,1
7561,1
7562,1
7563,1
7564,1
7565,0
7566,1
7567,0
7568,1
7569,1
7570,1
7571,0
7572,0
7573,0
7574,0
7575,0
7576,0
7577,0
7578,0
7579,1
7580,1
7581,0
7582,1
7583,0
7584,0
7585,0
7586,0
7587,1
7588,1
7589,1
7590,0
7591,0
7592,0
7593,0
7594,0
7595,0
7596,1
7597,1
7598,1
7599,1
7600,1
7601,1
7602,1
7603,1
7604,0
7605,1
7606,0
7607,1
7608,0
7609,0
7610,1
7611,0
7612,0
7613,0
7614,1
7615,1
7616,0
7617,1
7618,1
7619,1
7620,1
7621,1
7622,1
7623,0
7624,1
7625,1
7626,1
7627,0
7628,0
7629,1
7630,0
7631,1
7632,0
7633,0
7634,0
7635,1
7636,1
7637,1
7638,0
7639,1
7640,1
7641,0
7642,0
7643,1
7644,1
7645,1
7646,1
7647,0
7648,0
7649,1
7650,0
7651,0
7652,0
7653,1
7654,0
7655,1
7656,0
7657,1
7658,0
7659,0
7660,0
7661,0
7662,1
7663,0
7664,0
7665,1
7666,1
7667,0
7668,1
7669,1
7670,1
7671,0
7672,1
7673,0
7674,1
7675,0
7676,1
7677,1
7678,1
7679,0
7680,0
7681,0
7682,0
7683,1
7684,0
7685,1
7686,1
7687,0
7688,0
7689,0
7690,0
7691,1
7692,0
7693,1
7694,1
7695,0
7696,1
7697,1
7698,1
7699,1
7700,0
7701,0
7702,0
7703,0
7704,0
7705,0
7706,1
7707,0
7708,0
7709,1
7710,1
7711,0
7712,1
7713,1
7714,0
7715,1
7716,1
7717,1
7718,1
7719,1
7720,0
7721,1
7722,1
7723,1
7724,1
7725,0
7726,1
7727,1
7728,1
7729,1
7730,0
7731,1
7732,1
7733,1
7734,0
7735,1
7736,1
7737,1
7738,0
7739,0
7740,0
7741,1
7742,0
7743,0
7744,0
7745,0
7746,0
7747,1
7748,0
7749,0
7750,0
7751,1
7752,0
7753,0
7754,0
7755,0
7756,1
7757,1
7758,0
7759,1
7760,1
7761,0
7762,1
7763,1
7764,1
7765,1
7766,1
7767,1
7768,1
7769,1
7770,1
7771,1
7772,1
7773,1
7774,0
7775,0
7776,1
7777,0
7778,1
7779,0
7780,0
7781,0
7782,1
7783,0
7784,1
7785,1
7786,1
7787,0
7788,1
7789,0
7790,0
7791,0
7792,1
7793,1
7794,1
7795,1
7796,1
7797,1
7798,0
7799,1
7800,1
7801,0
7802,1
7803,1
7804,0
7805,1
7806,1
7807,1
7808,1
7809,0
7810,0
7811,0
7812,1
7813,0
7814,1
7815,0
7816,1
7817,1
7818,0
7819,1
7820,0
7821,1
7822,1
7823,0
7824,1
7825,1
7826,1
7827,0
7828,1
7829,1
7830,1
7831,1
7832,0
7833,0
7834,1
7835,0
7836,1
7837,0
7838,1
7839,0
7840,0
7841,0
7842,1
7843,0
7844,0
7845,0
7846,1
7847,1
7848,0
7849,0
7850,0
7851,0
7852,1
7853,0
7854,0
7855,0
7856,0
7857,1
7858,0
7859,1
7860,1
7861,0
7862,0
7863,1
7864,0
7865,1
7866,1
7867,0
7868,0
7869,1
7870,0
7871,0
7872,0
7873,1
7874,0
7875,1
7876,0
7877,0
7878,0
7879,0
7880,0
7881,1
7882,1
7883,0
7884,0
7885,1
7886,1
7887,1
7888,1
7889,0
7890,1
7891,1
7892,1
7893,0
7894,0
7895,1
7896,1
7897,0
7898,1
7899,1
7900,0
7901,1
7902,0
7903,1
7904,0
7905,0
7906,0
7907,0
7908,1
7909,0
7910,0
7911,1
7912,0
7913,1
7914,1
7915,1
7916,0
7917,1
7918,0
7919,0
7920,1
7921,0
7922,1
7923,1
7924,0
7925,0
7926,1
7927,1
7928,1
7929,1
7930,0
7931,0
7932,0
7933,0
7934,1
7935,1
7936,1
7937,1
7938,1
7939,0
7940,0
7941,1
7942,1
7943,0
7944,1
7945,0
7946,0
7947,0
7948,1
7949,1
7950,0
7951,1
7952,0
7953,0
7954,0
7955,0
7956,1
7957,1
7958,1
7959,1
7960,1
7961,1
7962,1
7963,1
7964,0
7965,1
7966,1
7967,1
7968,1
7969,0
7970,0
7971,0
7972,1
7973,0
7974,1
7975,0
7976,1
7977,1
7978,1
7979,0
7980,0
7981,1
7982,1
7983,0
7984,1
7985,1
7986,1
7987,1
7988,1
7989,1
7990,1
7991,0
7992,1
7993,1
7994,1
7995,0
7996,1
7997,1
7998,1
7999,1
8000,0
8001,0
8002,1
8003,1
8004,1
8005,0
8006,1
8007,1
8008,1
8009,0
8010,1
8011,0
8012,1
8013,1
8014,0
8015,1
8016,0
8017,1
8018,0
8019,1
8020,1
8021,1
8022,0
8023,1
8024,1
8025,1
8026,0
8027,1
8028,1
8029,0
8030,0
8031,1
8032,1
8033,1
8034,0
8035,1
8036,0
8037,1
8038,0
8039,1
8040,1
8041,1
8042,0
8043,0
8044,1
8045,0
8046,0
8047,1
8048,1
8049,1
8050,1
8051,1
8052,0
8053,0
8054,0
8055,0
8056,0
8057,0
8058,1
8059,1
8060,0
8061,1
8062,0
8063,1
8064,0
8065,1
8066,0
8067,0
8068,1
8069,0
8070,0
8071,0
8072,0
8073,1
8074,1
8075,1
8076,1
8077,0
8078,1
8079,0
8080,1
8081,1
8082,0
8083,0
8084,1
8085,1
8086,0
8087,1
8088,0
8089,1
8090,0
8091,0
8092,0
8093,0
8094,1
8095,1
8096,0
8097,1
8098,0
8099,0
8100,1
8101,0
8102,0
8103,1
8104,1
8105,1
8106,1
8107,1
8108,1
8109,0
8110,0
8111,0
8112,1
8113,0
8114,1
8115,0
8116,0
8117,0
8118,1
8119,1
8120,0
8121,1
8122,0
8123,1
8124,1
8125,0
8126,0
8127,1
8128,1
8129,0
8130,1
8131,1
8132,1
8133,0
8134,0
8135,0
8136,0
8137,0
8138,0
8139,0
8140,0
8141,1
8142,0
8143,1
8144,1
8145,1
8146,0
8147,1
8148,0
8149,1
8150,1
8151,1
8152,1
8153,1
8154,1
8155,1
8156,0
8157,1
8158,1
8159,0
8160,1
8161,0
8162,1
8163,1
8164,1
8165,1
8166,0
8167,0
8168,1
8169,0
8170,0
8171,1
8172,1
8173,0
8174,0
8175,0
8176,1
8177,0
8178,1
8179,1
8180,0
8181,1
8182,0
8183,0
8184,0
8185,1
8186,1
8187,0
8188,1
8189,0
8190,1
8191,0
8192,1
8193,0
8194,0
8195,0
8196,0
8197,0
8198,1
8199,1
8200,1
8201,1
8202,1
8203,1
8204,0
8205,1
8206,0
8207,1
8208,1
8209,0
8210,1
8211,1
8212,0
8213,0
8214,0
8215,0
8216,0
8217,0
8218,1
8219,0
8220,1
8221,0
8222,0
8223,1
8224,1
8225,1
8226,0
8227,1
8228,0
8229,1
8230,1
8231,0
8232,1
8233,1
8234,1
8235,1
8236,0
8237,0
8238,0
8239,0
8240,1
8241,0
8242,1
8243,1
8244,0
8245,0
8246,1
8247,0
8248,1
8249,1
8250,0
8251,1
8252,0
8253,1
8254,1
8255,1
8256,0
8257,1
8258,0
8259,0
8260,1
8261,0
8262,1
8263,0
8264,1
8265,1
8266,0
8267,1
8268,0
8269,1
8270,1
8271,1
8272,0
8273,1
8274,1
8275,1
8276,1
8277,1
8278,0
8279,0
8280,1
8281,0
8282,0
8283,1
8284,0
8285,1
8286,1
8287,0
8288,1
8289,1
8290,1
8291,0
8292,1
8293,0
8294,1
8295,0
8296,1
8297,1
8298,1
8299,1
8300,0
8301,1
8302,1
8303,1
8304,1
8305,0
8306,1
8307,1
8308,0
8309,0
8310,0
8311,1
8312,0
8313,0
8314,1
8315,0
8316,1
8317,1
8318,1
8319,1
8320,0
8321,1
8322,1
8323,1
8324,0
8325,0
8326,1
8327,1
8328,0
8329,0
8330,0
8331,1
8332,0
8333,1
8334,0
8335,1
8336,0
8337,0
8338,1
8339,0
8340,1
8341,0
8342,0
8343,1
8344,0
8345,0
8346,1
8347,1
8348,1
8349,1
8350,0
8351,0
8352,0
8353,1
8354,0
8355,1
8356,0
8357,1
8358,1
8359,1
8360,1
8361,1
8362,1
8363,1
8364,0
8365,1
8366,1
8367,0
8368,1
8369,0
8370,0
8371,1
8372,0
8373,0
8374,0
8375,0
8376,0
8377,1
8378,1
8379,0
8380,0
8381,0
8382,1
8383,1
8384,1
8385,1
8386,0
8387,1
8388,1
8389,0
8390,0
8391,0
8392,0
8393,0
8394,0
8395,0
8396,0
8397,0
8398,1
8399,1
8400,0
8401,1
8402,0
8403,0
8404,1
8405,0
8406,1
8407,0
8408,0
8409,1
8410,0
8411,1
8412,1
8413,1
8414,1
8415,1
8416,0
8417,0
8418,1
8419,1
8420,1
8421,0
8422,1
8423,0
8424,0
8425,1
8426,1
8427,1
8428,1
8429,0
8430,0
8431,1
8432,0
8433,1
8434,1
8435,1
8436,0
8437,0
8438,1
8439,1
8440,0
8441,0
8442,1
8443,1
8444,0
8445,1
8446,1
8447,1
8448,1
8449,1
8450,0
8451,0
8452,0
8453,1
8454,1
8455,0
8456,0
8457,0
8458,1
8459,1
8460,0
8461,1
8462,0
8463,1
8464,1
8465,1
8466,1
8467,1
8468,0
8469,0
8470,1
8471,0
8472,1
8473,1
8474,1
8475,1
8476,1
8477,1
8478,1
8479,0
8480,0
8481,1
8482,1
8483,1
8484,0
8485,0
8486,0
8487,0
8488,1
8489,1
8490,1
8491,1
8492,1
8493,0
8494,0
8495,1
8496,1
8497,0
8498,1
8499,0
8500,1
8501,1
8502,0
8503,0
8504,0
8505,1
8506,0
8507,1
8508,1
8509,0
8510,0
8511,0
8512,1
8513,0
8514,0
8515,0
8516,0
8517,0
8518,0
8519,0
8520,1
8521,0
8522,0
8523,1
8524,1
8525,0
8526,0
8527,0
8528,1
8529,1
8530,0
8531,1
8532,1
8533,1
8534,0
8535,0
8536,1
8537,0
8538,0
8539,1
8540,1
8541,1
8542,1
8543,1
8544,1
8545,0
8546,1
8547,1
8548,0
8549,0
8550,1
8551,1
8552,1
8553,1
8554,1
8555,1
8556,1
8557,0
8558,0
8559,1
8560,1
8561,1
8562,1
8563,1
8564,0
8565,0
8566,0
8567,1
8568,0
8569,1
8570,0
8571,0
8572,0
8573,0
8574,1
8575,0
8576,1
8577,0
8578,1
8579,1
8580,1
8581,1
8582,1
8583,1
8584,1
8585,1
8586,0
8587,0
8588,0
8589,0
8590,0
8591,0
8592,1
8593,0
8594,0
8595,0
8596,0
8597,0
8598,0
8599,1
8600,1
8601,1
8602,0
8603,1
8604,1
8605,0
8606,1
8607,1
8608,1
8609,0
8610,1
8611,0
8612,1
8613,1
8614,0
8615,0
8616,1
8617,1
8618,1
8619,0
8620,0
8621,0
8622,1
8623,1
8624,1
8625,0
8626,0
8627,1
8628,0
8629,1
8630,1
8631,1
8632,1
8633,0
8634,0
8635,0
8636,0
8637,1
8638,1
8639,1
8640,0
8641,0
8642,0
8643,0
8644,1
8645,0
8646,1
8647,0
8648,1
8649,1
8650,1
8651,1
8652,1
8653,0
8654,1
8655,1
8656,1
8657,0
8658,0
8659,0
8660,0
8661,1
8662,0
8663,0
8664,1
8665,0
8666,0
8667,1
8668,0
8669,1
8670,0
8671,1
8672,1
8673,0
8674,1
8675,1
8676,0
8677,0
8678,1
8679,0
8680,1
8681,0
8682,0
8683,0
8684,0
8685,1
8686,0
8687,0
8688,0
8689,0
8690,0
8691,1
8692,1
8693,1
8694,0
8695,1
8696,0
8697,1
8698,1
8699,1
8700,1
8701,1
8702,1
8703,0
8704,0
8705,1
8706,1
8707,1
8708,0
8709,0
8710,0
8711,0
8712,0
8713,1
8714,0
8715,0
8716,1
8717,0
8718,1
8719,1
8720,1
8721,0
8722,0
8723,1
8724,1
8725,1
8726,0
8727,1
8728,1
8729,0
8730,1
8731,0
8732,1
8733,0
8734,1
8735,1
8736,0
8737,0
8738,1
8739,0
8740,0
8741,0
8742,0
8743,0
8744,1
8745,0
8746,0
8747,0
8748,1
8749,0
8750,0
8751,1
8752,0
8753,0
8754,0
8755,1
8756,0
8757,0
8758,1
8759,1
8760,0
8761,0
8762,1
8763,1
8764,1
8765,1
8766,0
8767,0
8768,1
8769,0
8770,1
8771,1
8772,1
8773,0
8774,0
8775,1
8776,0
8777,1
8778,1
8779,0
8780,1
8781,0
8782,1
8783,1
8784,1
8785,0
8786,0
8787,1
8788,1
8789,0
8790,0
8791,1
8792,0
8793,0
8794,0
8795,0
8796,1
8797,1
8798,1
8799,1
8800,0
8801,1
8802,1
8803,1
8804,0
8805,0
8806,0
8807,0
8808,1
8809,0
8810,0
8811,0
8812,0
8813,0
8814,1
8815,1
8816,1
8817,1
8818,0
8819,1
8820,1
8821,0
8822,1
8823,0
8824,1
8825,1
8826,1
8827,1
8828,0
8829,0
8830,0
8831,0
8832,1
8833,0
8834,0
8835,0
8836,0
8837,0
8838,0
8839,0
8840,0
8841,0
8842,0
8843,0
8844,0
8845,0
8846,1
8847,0
8848,1
8849,0
8850,0
8851,0
8852,1
8853,1
8854,0
8855,0
8856,1
8857,0
8858,0
8859,0
8860,1
8861,0
8862,0
8863,1
8864,0
8865,1
8866,0
8867,1
8868,1
8869,1
8870,1
8871,0
8872,0
8873,1
8874,1
8875,1
8876,1
8877,0
8878,0
8879,0
8880,0
8881,0
8882,0
8883,0
8884,1
8885,0
8886,1
8887,0
8888,1
8889,0
8890,0
8891,0
8892,1
8893,0
8894,1
8895,1
8896,1
8897,0
8898,1
8899,0
8900,0
8901,1
8902,1
8903,1
8904,1
8905,0
8906,1
8907,0
8908,1
8909,1
8910,1
8911,1
8912,0
8913,1
8914,0
8915,1
8916,1
8917,0
8918,1
8919,1
8920,0
8921,1
8922,0
8923,0
8924,0
8925,1
8926,1
8927,1
8928,0
8929,0
8930,0
8931,1
8932,1
8933,1
8934,0
8935,0
8936,1
8937,1
8938,1
8939,1
8940,0
8941,1
8942,1
8943,1
8944,0
8945,1
8946,0
8947,0
8948,1
8949,1
8950,0
8951,1
8952,1
8953,1
8954,0
8955,1
8956,1
8957,1
8958,0
8959,0
8960,1
8961,1
8962,0
8963,1
8964,1
8965,0
8966,0
8967,1
8968,0
8969,0
8970,1
8971,1
8972,0
8973,0
8974,0
8975,1
8976,1
8977,1
8978,1
8979,1
8980,1
8981,1
8982,0
8983,1
8984,1
8985,0
8986,1
8987,0
8988,1
8989,1
8990,1
8991,1
8992,1
8993,0
8994,0
8995,0
8996,0
8997,1
8998,0
8999,0
9000,0
9001,1
9002,1
9003,1
9004,1
9005,1
9006,0
9007,0
9008,0
9009,1
9010,1
9011,1
9012,0
9013,0
9014,0
9015,1
9016,0
9017,1
9018,0
9019,0
9020,0
9021,0
9022,1
9023,1
9024,1
9025,1
9026,1
9027,1
9028,1
9029,0
9030,0
9031,1
9032,1
9033,0
9034,1
9035,0
9036,1
9037,1
9038,1
9039,1
9040,1
9041,0
9042,0
9043,1
9044,1
9045,0
9046,1
9047,0
9048,1
9049,0
9050,0
9051,0
9052,0
9053,1
9054,0
9055,0
9056,0
9057,0
9058,0
9059,1
9060,1
9061,1
9062,1
9063,1
9064,0
9065,1
9066,0
9067,0
9068,1
9069,0
9070,1
9071,1
9072,0
9073,0
9074,0
9075,1
9076,1
9077,1
9078,1
9079,1
9080,1
9081,1
9082,0
9083,0
9084,0
9085,1
9086,0
9087,1
9088,1
9089,0
9090,1
9091,0
9092,1
9093,1
9094,1
9095,0
9096,1
9097,1
9098,1
9099,1
9100,1
9101,1
9102,0
9103,0
9104,1
9105,1
9106,1
9107,1
9108,0
9109,1
9110,1
9111,1
9112,1
9113,0
9114,1
9115,1
9116,1
9117,1
9118,0
9119,1
9120,1
9121,0
9122,1
9123,1
9124,0
9125,1
9126,1
9127,0
9128,0
9129,0
9130,1
9131,1
9132,0
9133,1
9134,1
9135,1
9136,0
9137,0
9138,1
9139,1
9140,1
9141,1
9142,0
9143,1
9144,0
9145,1
9146,1
9147,1
9148,0
9149,1
9150,0
9151,1
9152,0
9153,0
9154,1
9155,0
9156,0
9157,1
9158,0
9159,0
9160,0
9161,0
9162,1
9163,0
9164,0
9165,0
9166,0
9167,1
9168,0
9169,1
9170,0
9171,0
9172,0
9173,1
9174,1
9175,1
9176,1
9177,1
9178,0
9179,1
9180,0
9181,1
9182,1
9183,1
9184,1
9185,0
9186,0
9187,1
9188,1
9189,1
9190,1
9191,0
9192,1
9193,0
9194,0
9195,0
9196,0
9197,0
9198,1
9199,1
9200,0
9201,1
9202,1
9203,1
9204,1
9205,0
9206,1
9207,1
9208,0
9209,1
9210,1
9211,0
9212,1
9213,1
9214,1
9215,1
9216,0
9217,1
9218,0
9219,1
9220,0
9221,1
9222,0
9223,1
9224,1
9225,0
9226,1
9227,1
9228,1
9229,0
9230,1
9231,0
9232,1
9233,0
9234,1
9235,1
9236,1
9237,1
9238,1
9239,1
9240,0
9241,0
9242,0
9243,0
9244,0
9245,0
9246,0
9247,1
9248,1
9249,0
9250,0
9251,1
9252,1
9253,0
9254,0
9255,1
9256,0
9257,1
9258,1
9259,1
9260,1
9261,0
9262,1
9263,1
9264,1
9265,1
9266,1
9267,1
9268,1
9269,1
9270,0
9271,1
9272,0
9273,1
9274,0
9275,1
9276,1
9277,0
9278,1
9279,0
9280,1
9281,1
9282,1
9283,1
9284,1
9285,0
9286,0
9287,0
9288,0
9289,0
9290,1
9291,1
9292,0
9293,0
9294,0
9295,0
9296,1
9297,1
9298,0
9299,1
9300,0
9301,1
9302,0
9303,0
9304,0
9305,1
9306,0
9307,0
9308,0
9309,1
9310,1
9311,1
9312,0
9313,0
9314,0
9315,1
9316,1
9317,0
9318,0
9319,1
9320,1
9321,1
9322,1
9323,1
9324,1
9325,0
9326,1
9327,1
9328,1
9329,1
9330,1
9331,1
9332,0
9333,1
9334,1
9335,1
9336,0
9337,0
9338,0
9339,1
9340,1
9341,0
9342,0
9343,1
9344,1
9345,1
9346,1
9347,1
9348,1
9349,0
9350,1
9351,1
9352,1
9353,1
9354,0
9355,1
9356,0
9357,0
9358,1
9359,1
9360,0
9361,1
9362,0
9363,1
9364,1
9365,1
9366,1
9367,1
9368,1
9369,0
9370,1
9371,0
9372,0
9373,0
9374,1
9375,0
9376,0
9377,1
9378,0
9379,0
9380,0
9381,1
9382,1
9383,1
9384,0
9385,1
9386,0
9387,1
9388,0
9389,1
9390,1
9391,1
9392,0
9393,1
9394,0
9395,1
9396,0
9397,1
9398,0
9399,1
9400,0
9401,0
9402,1
9403,0
9404,1
9405,1
9406,1
9407,0
9408,0
9409,1
9410,0
9411,1
9412,0
9413,1
9414,0
9415,1
9416,0
9417,0
9418,0
9419,1
9420,0
9421,1
9422,0
9423,0
9424,0
9425,0
9426,0
9427,0
9428,0
9429,1
9430,0
9431,0
9432,1
9433,1
9434,1
9435,0
9436,1
9437,1
9438,1
9439,0
9440,1
9441,0
9442,1
9443,1
9444,0
9445,1
9446,1
9447,1
9448,1
9449,0
9450,0
9451,0
9452,1
9453,0
9454,0
9455,1
9456,1
9457,1
9458,1
9459,0
9460,0
9461,0
9462,1
9463,1
9464,1
9465,0
9466,0
9467,0
9468,1
9469,0
9470,0
9471,1
9472,0
9473,1
9474,0
9475,1
9476,0
9477,1
9478,1
9479,1
9480,1
9481,1
9482,1
9483,0
9484,0
9485,1
9486,1
9487,1
9488,0
9489,0
9490,1
9491,1
9492,0
9493,0
9494,1
9495,1
9496,1
9497,1
9498,0
9499,1
9500,1
9501,0
9502,0
9503,1
9504,1
9505,1
9506,0
9507,1
9508,1
9509,0
9510,1
9511,1
9512,0
9513,0
9514,0
9515,1
9516,1
9517,0
9518,1
9519,0
9520,1
9521,0
9522,1
9523,1
9524,0
9525,1
9526,0
9527,1
9528,1
9529,1
9530,0
9531,1
9532,1
9533,0
9534,1
9535,0
9536,1
9537,1
9538,0
9539,1
9540,0
9541,0
9542,1
9543,0
9544,0
9545,0
9546,0
9547,1
9548,0
9549,0
9550,0
9551,0
9552,1
9553,0
9554,1
9555,0
9556,1
9557,1
9558,0
9559,1
9560,0
9561,0
9562,0
9563,0
9564,1
9565,1
9566,0
9567,1
9568,1
9569,1
9570,1
9571,1
9572,0
9573,1
9574,1
9575,0
9576,1
9577,1
9578,0
9579,1
9580,0
9581,1
9582,1
9583,1
9584,1
9585,1
9586,1
9587,0
9588,0
9589,0
9590,1
9591,0
9592,0
9593,1
9594,1
9595,1
9596,1
9597,1
9598,1
9599,0
9600,0
9601,1
9602,1
9603,0
9604,0
9605,0
9606,0
9607,1
9608,0
9609,1
9610,0
9611,0
9612,1
9613,1
9614,0
9615,1
9616,0
9617,1
9618,1
9619,1
9620,0
9621,0
9622,1
9623,0
9624,1
9625,1
9626,1
9627,1
9628,0
9629,0
9630,0
9631,0
9632,1
9633,1
9634,0
9635,1
9636,0
9637,0
9638,1
9639,0
9640,0
9641,0
9642,0
9643,1
9644,1
9645,0
9646,1
9647,0
9648,0
9649,1
9650,1
9651,1
9652,1
9653,1
9654,1
9655,1
9656,1
9657,0
9658,0
9659,1
9660,0
9661,1
9662,1
9663,1
9664,1
9665,1
9666,1
9667,0
9668,0
9669,0
9670,0
9671,0
9672,0
9673,1
9674,0
9675,0
9676,1
9677,0
9678,0
9679,1
9680,0
9681,1
9682,1
9683,0
9684,0
9685,0
9686,1
9687,1
9688,0
9689,1
9690,1
9691,1
9692,0
9693,1
9694,1
9695,0
9696,0
9697,0
9698,1
9699,0
9700,1
9701,0
9702,1
9703,1
9704,0
9705,0
9706,1
9707,0
9708,1
9709,1
9710,1
9711,0
9712,1
9713,1
9714,0
9715,0
9716,0
9717,1
9718,1
9719,1
9720,0
9721,1
9722,0
9723,1
9724,0
9725,1
9726,1
9727,0
9728,1
9729,1
9730,0
9731,1
9732,0
9733,0
9734,0
9735,1
9736,1
9737,0
9738,0
9739,0
9740,0
9741,0
9742,1
9743,1
9744,1
9745,0
9746,0
9747,1
9748,0
9749,0
9750,0
9751,1
9752,1
9753,1
9754,0
9755,0
9756,0
9757,1
9758,1
9759,0
9760,0
9761,0
9762,1
9763,0
9764,0
9765,0
9766,1
9767,0
9768,1
9769,0
9770,1
9771,0
9772,0
9773,1
9774,1
9775,1
9776,0
9777,1
9778,1
9779,1
9780,1
9781,1
9782,1
9783,1
9784,0
9785,0
9786,1
9787,1
9788,1
9789,0
9790,0
9791,1
9792,1
9793,1
9794,0
9795,1
9796,0
9797,1
9798,1
9799,0
9800,0
9801,1
9802,1
9803,1
9804,0
9805,0
9806,1
9807,0
9808,1
9809,1
9810,0
9811,1
9812,1
9813,1
9814,1
9815,1
9816,1
9817,1
9818,1
9819,1
9820,0
9821,1
9822,0
9823,0
9824,1
9825,0
9826,1
9827,1
9828,1
9829,0
9830,0
9831,1
9832,1
9833,1
9834,1
9835,0
9836,0
9837,1
9838,0
9839,1
9840,1
9841,1
9842,1
9843,0
9844,0
9845,0
9846,1
9847,1
9848,1
9849,1
9850,1
9851,1
9852,1
9853,1
9854,0
9855,1
9856,1
9857,0
9858,0
9859,0
9860,1
9861,0
9862,0
9863,0
9864,0
9865,0
9866,0
9867,1
9868,0
9869,1
9870,0
9871,0
9872,1
9873,1
9874,0
9875,1
9876,1
9877,1
9878,1
9879,0
9880,1
9881,1
9882,1
9883,0
9884,0
9885,0
9886,1
9887,1
9888,0
9889,1
9890,1
9891,1
9892,1
9893,1
9894,1
9895,1
9896,0
9897,1
9898,0
9899,0
9900,1
9901,1
9902,0
9903,0
9904,0
9905,0
9906,1
9907,1
9908,0
9909,0
9910,1
9911,1
9912,0
9913,1
9914,1
9915,0
9916,0
9917,0
9918,1
9919,0
9920,1
9921,0
9922,0
9923,0
9924,0
9925,1
9926,0
9927,1
9928,0
9929,0
9930,1
9931,0
9932,0
9933,1
9934,0
9935,1
9936,0
9937,1
9938,0
9939,0
9940,0
9941,1
9942,0
9943,1
9944,1
9945,1
9946,0
9947,1
9948,1
9949,1
9950,0
9951,1
9952,1
9953,0
9954,0
9955,0
9956,0
9957,0
9958,1
9959,0
9960,0
9961,1
9962,1
9963,0
9964,0
9965,1
9966,1
9967,1
9968,0
9969,1
9970,0
9971,0
9972,1
9973,1
9974,1
9975,1
9976,1
9977,1
9978,1
9979,1
9980,0
9981,1
9982,1
9983,1
9984,1
9985,1
9986,0
9987,1
9988,1
9989,0
9990,0
9991,1
9992,0
9993,1
9994,1
9995,0
9996,1
9997,1
9998,0
9999,0
10000,0
10001,1
10002,0
10003,1
10004,0
10005,0
10006,0
10007,1
10008,1
10009,1
10010,1
10011,1
10012,0
10013,1
10014,1
10015,0
10016,0
10017,1
10018,1
10019,0
10020,0
10021,1
10022,1
10023,1
10024,1
10025,0
10026,0
10027,0
10028,1
10029,0
10030,0
10031,1
10032,1
10033,0
10034,1
10035,0
10036,1
10037,1
10038,1
10039,1
10040,0
10041,0
10042,1
10043,0
10044,1
10045,1
10046,1
10047,0
10048,1
10049,1
10050,0
10051,0
10052,1
10053,0
10054,0
10055,1
10056,0
10057,0
10058,1
10059,0
10060,1
10061,0
10062,0
10063,1
10064,1
10065,1
10066,0
10067,1
10068,1
10069,0
10070,0
10071,0
10072,1
10073,0
10074,1
10075,1
10076,1
10077,1
10078,0
10079,1
10080,1
10081,1
10082,0
10083,1
10084,1
10085,1
10086,0
10087,1
10088,0
10089,0
10090,1
10091,0
10092,0
10093,0
10094,0
10095,0
10096,0
10097,1
10098,0
10099,1
10100,1
10101,1
10102,1
10103,1
10104,1
10105,1
10106,0
10107,1
10108,1
10109,1
10110,1
10111,0
10112,1
10113,1
10114,0
10115,1
10116,1
10117,0
10118,0
10119,0
10120,0
10121,1
10122,0
10123,0
10124,1
10125,1
10126,1
10127,0
10128,0
10129,1
10130,0
10131,0
10132,0
10133,0
10134,0
10135,0
10136,0
10137,0
10138,0
10139,0
10140,1
10141,0
10142,1
10143,0
10144,0
10145,1
10146,0
10147,0
10148,1
10149,1
10150,0
10151,0
10152,1
10153,1
10154,0
10155,0
10156,0
10157,0
10158,1
10159,1
10160,1
10161,1
10162,0
10163,1
10164,0
10165,0
10166,0
10167,0
10168,1
10169,0
10170,0
10171,0
10172,1
10173,0
10174,1
10175,1
10176,1
10177,0
10178,0
10179,0
10180,0
10181,1
10182,1
10183,0
10184,1
10185,1
10186,0
10187,1
10188,1
10189,0
10190,0
10191,1
10192,1
10193,1
10194,1
10195,0
10196,1
10197,1
10198,1
10199,0
10200,1
10201,0
10202,0
10203,0
10204,0
10205,1
10206,0
10207,1
10208,0
10209,1
10210,1
10211,0
10212,1
10213,1
10214,0
10215,1
10216,1
10217,0
10218,1
10219,1
10220,1
10221,1
10222,0
10223,0
10224,0
10225,1
10226,1
10227,1
10228,1
10229,1
10230,0
10231,1
10232,0
10233,1
10234,1
10235,1
10236,0
10237,0
10238,1
10239,1
10240,0
10241,1
10242,0
10243,0
10244,0
10245,0
10246,0
10247,1
10248,1
10249,1
10250,0
10251,0
10252,1
10253,0
10254,1
10255,0
10256,0
10257,1
10258,0
10259,1
10260,0
10261,0
10262,0
10263,0
10264,0
10265,0
10266,1
10267,0
10268,0
10269,1
10270,0
10271,1
10272,1
10273,1
10274,0
10275,0
10276,1
10277,0
10278,0
10279,1
10280,0
10281,0
10282,1
10283,0
10284,0
10285,1
10286,0
10287,1
10288,1
10289,1
10290,1
10291,1
10292,1
10293,0
10294,0
10295,1
10296,1
10297,1
10298,1
10299,1
10300,0
10301,0
10302,1
10303,1
10304,0
10305,0
10306,1
10307,0
10308,0
10309,1
10310,0
10311,1
10312,0
10313,1
10314,0
10315,1
10316,0
10317,1
10318,1
10319,1
10320,1
10321,0
10322,0
10323,0
10324,0
10325,0
10326,1
10327,0
10328,1
10329,1
10330,0
10331,0
10332,0
10333,0
10334,1
10335,1
10336,1
10337,1
10338,0
10339,0
10340,1
10341,1
10342,1
10343,1
10344,1
10345,1
10346,0
10347,0
10348,0
10349,1
10350,0
10351,1
10352,1
10353,0
10354,0
10355,0
10356,1
10357,1
10358,1
10359,1
10360,1
10361,1
10362,0
10363,1
10364,1
10365,1
10366,1
10367,1
10368,1
10369,0
10370,0
10371,1
10372,0
10373,1
10374,0
10375,0
10376,1
10377,1
10378,0
10379,1
10380,0
10381,1
10382,1
10383,1
10384,0
10385,0
10386,0
10387,0
10388,0
10389,0
10390,1
10391,1
10392,0
10393,1
10394,0
10395,1
10396,0
10397,0
10398,1
10399,1
10400,0
10401,1
10402,1
10403,0
10404,1
10405,0
10406,1
10407,1
10408,0
10409,0
10410,1
10411,0
10412,1
10413,1
10414,0
10415,0
10416,0
10417,0
10418,1
10419,0
10420,1
10421,1
10422,0
10423,0
10424,1
10425,0
10426,0
10427,1
10428,0
10429,1
10430,1
10431,1
10432,1
10433,1
10434,0
10435,1
10436,1
10437,1
10438,1
10439,1
10440,1
10441,0
10442,1
10443,1
10444,1
10445,1
10446,1
10447,0
10448,0
10449,0
10450,0
10451,0
10452,0
10453,1
10454,1
10455,0
10456,0
10457,1
10458,1
10459,0
10460,1
10461,0
10462,1
10463,0
10464,0
10465,0
10466,1
10467,0
10468,0
10469,0
10470,1
10471,1
10472,0
10473,1
10474,1
10475,0
10476,1
10477,1
10478,1
10479,0
10480,0
10481,1
10482,1
10483,1
10484,0
10485,0
10486,1
10487,1
10488,0
10489,1
10490,1
10491,0
10492,1
10493,1
10494,1
10495,1
10496,1
10497,1
10498,0
10499,0
10500,1
10501,0
10502,0
10503,0
10504,0
10505,1
10506,1
10507,1
10508,0
10509,0
10510,0
10511,0
10512,1
10513,1
10514,1
10515,0
10516,0
10517,0
10518,1
10519,1
10520,1
10521,1
10522,1
10523,1
10524,0
10525,0
10526,0
10527,1
10528,0
10529,1
10530,1
10531,0
10532,1
10533,0
10534,0
10535,0
10536,0
10537,0
10538,0
10539,0
10540,1
10541,0
10542,0
10543,1
10544,0
10545,1
10546,1
10547,1
10548,1
10549,0
10550,1
10551,0
10552,1
10553,1
10554,0
10555,0
10556,0
10557,1
10558,1
10559,0
10560,0
10561,0
10562,1
10563,0
10564,0
10565,0
10566,0
10567,1
10568,1
10569,1
10570,0
10571,1
10572,0
10573,0
10574,0
10575,0
10576,1
10577,1
10578,1
10579,1
10580,1
10581,1
10582,1
10583,0
10584,0
10585,1
10586,1
10587,1
10588,1
10589,1
10590,0
10591,1
10592,1
10593,0
10594,0
10595,1
10596,1
10597,1
10598,1
10599,1
10600,0
10601,1
10602,1
10603,0
10604,1
10605,0
10606,0
10607,1
10608,0
10609,0
10610,1
10611,0
10612,1
10613,1
10614,1
10615,1
10616,1
10617,0
10618,0
10619,1
10620,1
10621,1
10622,1
10623,0
10624,1
10625,0
10626,0
10627,0
10628,0
10629,0
10630,0
10631,1
10632,1
10633,1
10634,1
10635,1
10636,0
10637,1
10638,1
10639,0
10640,0
10641,1
10642,1
10643,0
10644,1
10645,0
10646,1
10647,1
10648,1
10649,0
10650,0
10651,1
10652,1
10653,0
10654,0
10655,0
10656,1
10657,1
10658,1
10659,0
10660,0
10661,0
10662,0
10663,0
10664,0
10665,0
10666,0
10667,0
10668,0
10669,1
10670,1
10671,1
10672,1
10673,0
10674,0
10675,0
10676,0
10677,1
10678,1
10679,1
10680,1
10681,1
10682,0
10683,0
10684,0
10685,1
10686,1
10687,0
10688,1
10689,1
10690,0
10691,1
10692,0
10693,1
10694,0
10695,0
10696,1
10697,1
10698,1
10699,1
10700,1
10701,0
10702,1
10703,1
10704,0
10705,1
10706,1
10707,0
10708,1
10709,0
10710,1
10711,1
10712,1
10713,0
10714,1
10715,0
10716,1
10717,1
10718,1
10719,1
10720,1
10721,0
10722,0
10723,1
10724,0
10725,0
10726,1
10727,1
10728,1
10729,1
10730,1
10731,0
10732,1
10733,0
10734,1
10735,1
10736,0
10737,1
10738,0
10739,0
10740,1
10741,1
10742,0
10743,1
10744,0
10745,0
10746,0
10747,0
10748,1
10749,1
10750,0
10751,1
10752,1
10753,1
10754,1
10755,1
10756,1
10757,0
10758,0
10759,1
10760,1
10761,1
10762,0
10763,1
10764,0
10765,0
10766,0
10767,1
10768,1
10769,0
10770,0
10771,1
10772,1
10773,0
10774,1
10775,0
10776,0
10777,1
10778,0
10779,1
10780,0
10781,1
10782,1
10783,1
10784,0
10785,0
10786,0
10787,1
10788,0
10789,1
10790,0
10791,1
10792,0
10793,1
10794,0
10795,0
10796,1
10797,1
10798,0
10799,0
10800,1
10801,1
10802,0
10803,0
10804,0
10805,0
10806,1
10807,1
10808,0
10809,0
10810,0
10811,0
10812,1
10813,0
10814,1
10815,1
10816,1
10817,0
10818,1
10819,0
10820,1
10821,1
10822,1
10823,0
10824,0
10825,0
10826,1
10827,0
10828,0
10829,0
10830,1
10831,1
10832,0
10833,1
10834,0
10835,1
10836,1
10837,0
10838,0
10839,1
10840,1
10841,1
10842,1
10843,0
10844,0
10845,1
10846,0
10847,0
10848,1
10849,0
10850,1
10851,0
10852,1
10853,0
10854,0
10855,0
10856,1
10857,0
10858,0
10859,0
10860,0
10861,0
10862,1
10863,0
10864,1
10865,0
10866,0
10867,1
10868,1
10869,1
10870,0
10871,0
10872,1
10873,0
10874,0
10875,1
10876,0
10877,0
10878,1
10879,1
10880,1
10881,1
10882,0
10883,0
10884,1
10885,1
10886,0
10887,0
10888,1
10889,0
10890,0
10891,1
10892,1
10893,0
10894,1
10895,1
10896,1
10897,0
10898,0
10899,0
10900,1
10901,0
10902,0
10903,0
10904,1
10905,0
10906,0
10907,1
10908,1
10909,1
10910,0
10911,0
10912,1
10913,0
10914,1
10915,0
10916,0
10917,0
10918,1
10919,1
10920,0
10921,0
10922,0
10923,0
10924,0
10925,1
10926,0
10927,0
10928,0
10929,0
10930,0
10931,0
10932,1
10933,1
10934,1
10935,0
10936,0
10937,1
10938,1
10939,1
10940,0
10941,0
10942,1
10943,0
10944,0
10945,1
10946,0
10947,1
10948,1
10949,0
10950,1
10951,1
10952,0
10953,0
10954,0
10955,1
10956,0
10957,0
10958,0
10959,1
10960,1
10961,1
10962,0
10963,0
10964,1
10965,0
10966,1
10967,0
10968,1
10969,1
10970,0
10971,0
10972,0
10973,1
10974,1
10975,1
10976,1
10977,1
10978,0
10979,1
10980,1
10981,0
10982,1
10983,1
10984,0
10985,1
10986,0
10987,0
10988,0
10989,1
10990,1
10991,0
10992,0
10993,0
10994,0
10995,0
10996,1
10997,0
10998,1
10999,0
